16,、、,2
2,、。,2
3180,、〓,2
998,、あ,2
1217,、い,2
255,、う,2
210,、え,2
996,、お,2
1178,、か,2
156,、が,2
770,、き,2
159,、ぎ,2
194,、く,2
63,、ぐ,2
356,、け,2
228,、げ,2
1958,、こ,2
189,、ご,2
602,、さ,2
44,、ざ,2
1248,、し,2
1042,、じ,2
452,、す,2
42,、ず,2
474,、せ,2
173,、ぜ,2
1643,、そ,2
29,、ぞ,2
657,、た,2
312,、だ,2
542,、ち,2
13,、っ,2
299,、つ,2
246,、て,2
186,、で,2
942,、と,2
495,、ど,2
575,、な,2
365,、に,2
14,、ぬ,2
122,、ね,2
102,、の,2
498,、は,2
121,、ば,2
59,、ぱ,2
463,、ひ,2
65,、び,2
14,、ぴ,2
392,、ふ,2
123,、ぶ,2
82,、ぷ,2
84,、へ,2
87,、べ,2
18,、ぺ,2
428,、ほ,2
165,、ぼ,2
83,、ぽ,2
671,、ま,2
340,、み,2
115,、む,2
199,、め,2
369,、も,2
266,、や,2
165,、ゆ,2
354,、よ,2
89,、ら,2
196,、り,2
23,、る,2
94,、れ,2
62,、ろ,2
369,、わ,2
10,、を,2
1,、ん,2
1,、ヴ,2
1,。、,2
249,。。,2
12116,。〓,2
399,。あ,2
477,。い,2
109,。う,2
83,。え,2
361,。お,2
348,。か,2
65,。が,2
223,。き,2
63,。ぎ,2
65,。く,2
19,。ぐ,2
117,。け,2
78,。げ,2
989,。こ,2
47,。ご,2
264,。さ,2
23,。ざ,2
697,。し,2
339,。じ,2
172,。す,2
14,。ず,2
148,。せ,2
64,。ぜ,2
1092,。そ,2
13,。ぞ,2
422,。た,2
221,。だ,2
221,。ち,2
5,。っ,2
155,。つ,2
91,。て,2
210,。で,2
367,。と,2
198,。ど,2
287,。な,2
118,。に,2
5,。ぬ,2
61,。ね,2
24,。の,2
179,。は,2
31,。ば,2
19,。ぱ,2
147,。ひ,2
24,。び,2
4,。ぴ,2
143,。ふ,2
39,。ぶ,2
23,。ぷ,2
35,。へ,2
36,。べ,2
7,。ぺ,2
152,。ほ,2
75,。ぼ,2
30,。ぽ,2
441,。ま,2
121,。み,2
72,。む,2
87,。め,2
225,。も,2
74,。や,2
37,。ゆ,2
148,。よ,2
35,。ら,2
83,。り,2
4,。る,2
41,。れ,2
30,。ろ,2
191,。わ,2
4,。を,2
2,。ん,2
1,。ヴ,2
619,〓、,2
1386,〓。,2
8801,〓〓,2
1232,〓あ,2
1257,〓い,2
439,〓う,2
4,〓ぇ,2
517,〓え,2
18,〓ぉ,2
1152,〓お,2
1751,〓か,2
701,〓が,2
1090,〓き,2
181,〓ぎ,2
393,〓く,2
108,〓ぐ,2
481,〓け,2
225,〓げ,2
1931,〓こ,2
191,〓ご,2
1165,〓さ,2
62,〓ざ,2
1812,〓し,2
1332,〓じ,2
503,〓す,2
27,〓ず,2
675,〓せ,2
183,〓ぜ,2
1322,〓そ,2
27,〓ぞ,2
925,〓た,2
695,〓だ,2
759,〓ち,2
162,〓っ,2
1259,〓つ,2
304,〓て,2
997,〓で,2
4174,〓と,2
500,〓ど,2
25,〓ど,2
956,〓な,2
1039,〓に,2
23,〓ぬ,2
741,〓ね,2
1384,〓の,2
1129,〓は,2
301,〓ば,2
117,〓ぱ,2
1302,〓ひ,2
111,〓び,2
34,〓ぴ,2
518,〓ふ,2
354,〓ぶ,2
136,〓ぷ,2
301,〓へ,2
74,〓べ,2
74,〓ぺ,2
500,〓ほ,2
181,〓ぼ,2
119,〓ぽ,2
961,〓ま,2
357,〓み,2
135,〓む,2
310,〓め,2
558,〓も,2
422,〓や,2
160,〓ゆ,2
2,〓ょ,2
447,〓よ,2
199,〓ら,2
216,〓り,2
55,〓る,2
202,〓れ,2
94,〓ろ,2
745,〓わ,2
843,〓を,2
43,〓ん,2
19,〓ヴ,2
2,〓ー,2
38,ぁ、,2
57,ぁ。,2
93,ぁ〓,2
3,ぁぁ,2
2,ぁあ,2
128,ぁい,2
2,ぁお,2
2,ぁき,2
11,ぁく,2
1,ぁけ,2
1,ぁこ,2
1,ぁざ,2
2,ぁし,2
2,ぁじ,2
4,ぁす,2
2,ぁぜ,2
1,ぁそ,2
2,ぁた,2
1,ぁだ,2
18,ぁっ,2
2,ぁて,2
2,ぁで,2
18,ぁと,2
2,ぁな,2
5,ぁに,2
1,ぁぬ,2
1,ぁぶ,2
7,ぁべ,2
39,ぁみ,2
3,ぁめ,2
1,ぁや,2
1,ぁよ,2
16,ぁら,2
19,ぁり,2
3,ぁる,2
24,ぁれ,2
9,ぁろ,2
123,ぁん,2
34,ぁー,2
174,あ、,2
21,あ。,2
145,あ〓,2
6,あぁ,2
97,ああ,2
1531,あい,2
94,あう,2
79,あえ,2
106,あお,2
227,あか,2
225,あが,2
283,あき,2
13,あぎ,2
276,あく,2
3,あぐ,2
56,あけ,2
649,あげ,2
26,あこ,2
13,あご,2
292,あさ,2
18,あざ,2
306,あし,2
163,あじ,2
44,あす,2
19,あず,2
40,あせ,2
5,あぜ,2
131,あそ,2
2,あぞ,2
672,あた,2
47,あだ,2
46,あち,2
954,あっ,2
347,あつ,2
1,あづ,2
79,あて,2
44,あで,2
239,あと,2
85,あど,2
239,あな,2
142,あに,2
14,あね,2
242,あの,2
43,あは,2
31,あば,2
16,あぱ,2
15,あひ,2
22,あび,2
13,あぴ,2
79,あふ,2
34,あぶ,2
64,あぷ,2
6,あへ,2
36,あべ,2
1,あぺ,2
19,あほ,2
5,あぼ,2
1,あぽ,2
294,あま,2
21,あみ,2
20,あむ,2
161,あめ,2
14,あも,2
63,あや,2
10,あゆ,2
5,あよ,2
374,あら,2
1259,あり,2
3206,ある,2
358,あれ,2
70,あろ,2
274,あわ,2
54,あを,2
771,あん,2
4,あヴ,2
120,あー,2
6,ぃ、,2
7,ぃ。,2
90,ぃ〓,2
79,ぃあ,2
2,ぃぃ,2
16,ぃい,2
27,ぃう,2
14,ぃお,2
14,ぃか,2
30,ぃが,2
5,ぃき,2
11,ぃぎ,2
6,ぃく,2
7,ぃぐ,2
2,ぃけ,2
11,ぃこ,2
10,ぃさ,2
3,ぃざ,2
20,ぃし,2
6,ぃじ,2
99,ぃす,2
25,ぃず,2
10,ぃせ,2
3,ぃそ,2
3,ぃぞ,2
54,ぃた,2
4,ぃだ,2
16,ぃち,2
25,ぃっ,2
3,ぃて,2
6,ぃで,2
11,ぃと,2
1,ぃど,2
22,ぃな,2
40,ぃに,2
9,ぃね,2
56,ぃの,2
46,ぃは,2
3,ぃば,2
1,ぃぱ,2
3,ぃふ,2
19,ぃぶ,2
1,ぃへ,2
10,ぃほ,2
1,ぃぼ,2
20,ぃぽ,2
6,ぃま,2
16,ぃみ,2
9,ぃも,2
4,ぃや,2
11,ぃよ,2
9,ぃら,2
7,ぃり,2
32,ぃる,2
10,ぃれ,2
3,ぃろ,2
23,ぃを,2
97,ぃん,2
117,ぃー,2
963,い、,2
2195,い。,2
2849,い〓,2
380,いあ,2
1,いぃ,2
1477,いい,2
3326,いう,2
664,いえ,2
565,いお,2
2610,いか,2
1811,いが,2
1841,いき,2
317,いぎ,2
1077,いく,2
101,いぐ,2
1043,いけ,2
183,いげ,2
1193,いこ,2
302,いご,2
1528,いさ,2
276,いざ,2
3804,いし,2
1483,いじ,2
938,いす,2
309,いず,2
1013,いせ,2
171,いぜ,2
316,いそ,2
213,いぞ,2
2930,いた,2
908,いだ,2
1528,いち,2
1920,いっ,2
496,いつ,2
13,いづ,2
2456,いて,2
1857,いで,2
2229,いと,2
574,いど,2
1431,いな,2
2076,いに,2
39,いぬ,2
190,いね,2
3352,いの,2
1558,いは,2
341,いば,2
18,いぱ,2
553,いひ,2
123,いび,2
4,いぴ,2
434,いふ,2
456,いぶ,2
119,いぷ,2
235,いへ,2
110,いべ,2
12,いぺ,2
286,いほ,2
77,いぼ,2
10,いぽ,2
2447,いま,2
317,いみ,2
122,いむ,2
281,いめ,2
786,いも,2
620,いや,2
71,いゆ,2
884,いよ,2
398,いら,2
650,いり,2
3382,いる,2
472,いれ,2
600,いろ,2
722,いわ,2
1373,いを,2
2090,いん,2
12,いヴ,2
58,いー,2
1,ぅ。,2
7,ぅ〓,2
4,ぅぃ,2
2,ぅぅ,2
1,ぅか,2
2,ぅが,2
2,ぅっ,2
2,ぅと,2
2,ぅに,2
4,ぅは,2
9,ぅー,2
808,う、,2
1354,う。,2
2203,う〓,2
184,うあ,2
42,うぃ,2
1821,うい,2
1,うぅ,2
86,うう,2
146,うぇ,2
735,うえ,2
16,うぉ,2
339,うお,2
2752,うか,2
1838,うが,2
1736,うき,2
620,うぎ,2
146,うく,2
111,うぐ,2
1003,うけ,2
309,うげ,2
1672,うこ,2
672,うご,2
1180,うさ,2
151,うざ,2
5059,うし,2
2045,うじ,2
1179,うす,2
84,うず,2
1321,うせ,2
154,うぜ,2
485,うそ,2
197,うぞ,2
599,うた,2
879,うだ,2
1260,うち,2
128,うっ,2
371,うつ,2
14,うづ,2
496,うて,2
1800,うで,2
1752,うと,2
541,うど,2
1815,うな,2
3299,うに,2
3,うぬ,2
223,うね,2
2951,うの,2
1384,うは,2
233,うば,2
16,うぱ,2
508,うひ,2
134,うび,2
3,うぴ,2
328,うふ,2
461,うぶ,2
25,うぷ,2
216,うへ,2
73,うべ,2
4,うぺ,2
1124,うほ,2
135,うぼ,2
8,うぽ,2
472,うま,2
301,うみ,2
179,うむ,2
365,うめ,2
733,うも,2
480,うや,2
81,うゆ,2
585,うよ,2
316,うら,2
1226,うり,2
84,うる,2
314,うれ,2
274,うろ,2
362,うわ,2
1597,うを,2
598,うん,2
2,うヴ,2
34,うー,2
5,ぇ、,2
20,ぇ。,2
44,ぇ〓,2
93,ぇあ,2
38,ぇい,2
1,ぇう,2
2,ぇえ,2
3,ぇお,2
2,ぇか,2
32,ぇく,2
6,ぇこ,2
25,ぇす,2
1,ぇそ,2
1,ぇぞ,2
129,ぇっ,2
4,ぇで,2
3,ぇと,2
3,ぇな,2
41,ぇに,2
2,ぇね,2
12,ぇの,2
2,ぇは,2
1,ぇぱ,2
9,ぇふ,2
27,ぇぶ,2
1,ぇほ,2
1,ぇぽ,2
2,ぇむ,2
2,ぇも,2
2,ぇや,2
2,ぇよ,2
5,ぇら,2
65,ぇり,2
148,ぇる,2
2,ぇろ,2
1,ぇを,2
19,ぇん,2
50,ぇー,2
278,え、,2
56,え。,2
157,え〓,2
92,えあ,2
763,えい,2
10,えう,2
2,えぇ,2
42,ええ,2
17,えお,2
130,えか,2
156,えが,2
364,えき,2
11,えぎ,2
47,えく,2
9,えぐ,2
6,えけ,2
2,えげ,2
35,えこ,2
7,えご,2
77,えさ,2
3,えざ,2
135,えし,2
91,えじ,2
80,えす,2
73,えず,2
15,えせ,2
13,えそ,2
2,えぞ,2
359,えた,2
79,えだ,2
23,えち,2
160,えっ,2
39,えつ,2
687,えて,2
241,えで,2
56,えと,2
38,えど,2
301,えな,2
351,えに,2
3,えぬ,2
47,えね,2
310,えの,2
116,えは,2
384,えば,2
14,えひ,2
13,えび,2
7,えぴ,2
10,えふ,2
34,えぶ,2
11,えぷ,2
12,えへ,2
3,えべ,2
9,えほ,2
3,えぼ,2
1,えぽ,2
164,えま,2
26,えみ,2
26,えむ,2
18,えめ,2
103,えも,2
23,えや,2
2,えゆ,2
44,えよ,2
311,えら,2
86,えり,2
781,える,2
49,えれ,2
33,えろ,2
4,えわ,2
230,えを,2
1289,えん,2
38,えー,2
5,ぉ、,2
3,ぉ。,2
24,ぉ〓,2
2,ぉあ,2
3,ぉぃ,2
4,ぉい,2
1,ぉう,2
3,ぉぉ,2
3,ぉか,2
1,ぉっ,2
1,ぉで,2
1,ぉと,2
1,ぉの,2
1,ぉま,2
1,ぉめ,2
5,ぉら,2
3,ぉり,2
22,ぉる,2
6,ぉれ,2
2,ぉろ,2
16,ぉん,2
55,ぉー,2
101,お、,2
1,お。,2
96,お〓,2
40,おあ,2
989,おい,2
789,おう,2
48,おえ,2
8,おぉ,2
1427,おお,2
436,おか,2
58,おが,2
777,おき,2
11,おぎ,2
723,おく,2
8,おぐ,2
154,おけ,2
24,おげ,2
833,おこ,2
15,おご,2
328,おさ,2
9,おざ,2
454,おし,2
68,おじ,2
146,おす,2
11,おず,2
44,おせ,2
5,おぜ,2
191,おそ,2
8,おぞ,2
90,おた,2
32,おだ,2
154,おち,2
143,おっ,2
65,おつ,2
2,おづ,2
87,おて,2
51,おで,2
781,おと,2
95,おど,2
390,おな,2
89,おに,2
148,おね,2
68,おの,2
126,おは,2
41,おば,2
8,おぱ,2
42,おひ,2
41,おび,2
3,おぴ,2
61,おふ,2
21,おぶ,2
19,おぷ,2
27,おへ,2
4,おべ,2
4,おぺ,2
2,おほ,2
84,おぼ,2
175,おま,2
78,おみ,2
24,おむ,2
59,おめ,2
1736,おも,2
286,おや,2
26,おゆ,2
313,およ,2
58,おら,2
693,おり,2
66,おる,2
354,おれ,2
58,おろ,2
190,おわ,2
104,おを,2
1504,おん,2
173,おー,2
618,か、,2
498,か。,2
1067,か〓,2
16,かぁ,2
138,かあ,2
5389,かい,2
282,かう,2
701,かえ,2
331,かお,2
659,かか,2
485,かが,2
223,かき,2
206,かぎ,2
2033,かく,2
16,かぐ,2
489,かけ,2
129,かげ,2
222,かこ,2
39,かご,2
272,かさ,2
77,かざ,2
1386,かし,2
114,かじ,2
193,かす,2
188,かず,2
263,かせ,2
87,かぜ,2
73,かそ,2
103,かぞ,2
1389,かた,2
131,かだ,2
214,かち,2
1722,かっ,2
634,かつ,2
31,かづ,2
198,かて,2
473,かで,2
484,かと,2
180,かど,2
1117,かな,2
808,かに,2
6,かぬ,2
132,かね,2
834,かの,2
263,かは,2
71,かば,2
9,かぱ,2
45,かひ,2
57,かび,2
6,かぴ,2
53,かふ,2
210,かぶ,2
14,かぷ,2
32,かへ,2
60,かべ,2
1,かぺ,2
27,かほ,2
13,かぼ,2
2,かぽ,2
204,かま,2
271,かみ,2
57,かむ,2
166,かめ,2
550,かも,2
75,かや,2
21,かゆ,2
98,かよ,2
3904,から,2
770,かり,2
369,かる,2
607,かれ,2
59,かろ,2
838,かわ,2
356,かを,2
5075,かん,2
7,かヴ,2
597,かー,2
2486,が、,2
108,が。,2
835,が〓,2
1623,があ,2
2318,がい,2
338,がう,2
722,がえ,2
741,がお,2
620,がか,2
52,がが,2
457,がき,2
32,がぎ,2
1012,がく,2
10,がぐ,2
132,がけ,2
67,がげ,2
321,がこ,2
38,がご,2
252,がさ,2
13,がざ,2
714,がし,2
266,がじ,2
404,がす,2
14,がず,2
160,がせ,2
41,がぜ,2
203,がそ,2
68,がぞ,2
709,がた,2
108,がだ,2
206,がち,2
691,がっ,2
438,がつ,2
139,がて,2
621,がで,2
351,がと,2
137,がど,2
529,がな,2
131,がに,2
14,がぬ,2
69,がね,2
217,がの,2
415,がは,2
27,がば,2
11,がぱ,2
355,がひ,2
16,がび,2
15,がぴ,2
235,がふ,2
39,がぶ,2
17,がぷ,2
47,がへ,2
24,がべ,2
4,がぺ,2
140,がほ,2
25,がぼ,2
20,がぽ,2
209,がま,2
300,がみ,2
68,がむ,2
190,がめ,2
181,がも,2
143,がや,2
62,がゆ,2
215,がよ,2
558,がら,2
178,がり,2
122,がる,2
145,がれ,2
12,がろ,2
524,がわ,2
35,がを,2
292,がん,2
43,がー,2
478,き、,2
74,き。,2
988,き〓,2
138,きあ,2
1,きぃ,2
317,きい,2
34,きう,2
1,きぇ,2
42,きえ,2
178,きお,2
636,きか,2
545,きが,2
254,きき,2
209,きぎ,2
200,きく,2
21,きぐ,2
140,きけ,2
88,きげ,2
208,きこ,2
96,きご,2
276,きさ,2
76,きざ,2
721,きし,2
324,きじ,2
167,きす,2
102,きず,2
292,きせ,2
19,きぜ,2
150,きそ,2
10,きぞ,2
1139,きた,2
232,きだ,2
164,きち,2
246,きっ,2
146,きつ,2
78,きづ,2
507,きて,2
443,きで,2
256,きと,2
142,きど,2
1314,きな,2
1724,きに,2
12,きぬ,2
39,きね,2
935,きの,2
462,きは,2
74,きば,2
2,きぱ,2
66,きひ,2
64,きび,2
40,きふ,2
52,きぶ,2
5,きぷ,2
26,きへ,2
11,きべ,2
3,きぺ,2
203,きほ,2
77,きぼ,2
3,きぽ,2
758,きま,2
170,きみ,2
81,きむ,2
151,きめ,2
288,きも,2
437,きゃ,2
207,きや,2
1420,きゅ,2
18,きゆ,2
3443,きょ,2
155,きよ,2
175,きら,2
286,きり,2
771,きる,2
173,きれ,2
140,きろ,2
98,きわ,2
548,きを,2
1269,きん,2
173,きー,2
38,ぎ、,2
14,ぎ。,2
105,ぎ〓,2
18,ぎあ,2
9,ぎぃ,2
67,ぎい,2
13,ぎう,2
1,ぎえ,2
19,ぎお,2
89,ぎか,2
66,ぎが,2
14,ぎき,2
27,ぎく,2
1,ぎぐ,2
9,ぎけ,2
27,ぎこ,2
9,ぎご,2
28,ぎさ,2
8,ぎざ,2
97,ぎし,2
177,ぎじ,2
26,ぎす,2
6,ぎず,2
24,ぎせ,2
4,ぎぜ,2
5,ぎそ,2
1,ぎぞ,2
37,ぎた,2
20,ぎだ,2
13,ぎち,2
31,ぎっ,2
28,ぎつ,2
2,ぎづ,2
63,ぎて,2
60,ぎで,2
69,ぎと,2
9,ぎど,2
82,ぎな,2
115,ぎに,2
11,ぎぬ,2
5,ぎね,2
264,ぎの,2
69,ぎは,2
6,ぎば,2
9,ぎひ,2
2,ぎび,2
18,ぎふ,2
7,ぎぶ,2
1,ぎぷ,2
13,ぎへ,2
10,ぎほ,2
8,ぎぼ,2
30,ぎま,2
11,ぎみ,2
41,ぎむ,2
3,ぎめ,2
68,ぎも,2
155,ぎゃ,2
26,ぎや,2
60,ぎゅ,2
1,ぎゆ,2
1211,ぎょ,2
13,ぎよ,2
57,ぎら,2
188,ぎり,2
95,ぎる,2
99,ぎれ,2
107,ぎろ,2
54,ぎわ,2
91,ぎを,2
149,ぎん,2
40,ぎー,2
664,く、,2
253,く。,2
1098,く〓,2
185,くあ,2
524,くい,2
1,くぅ,2
193,くう,2
179,くえ,2
11,くぉ,2
303,くお,2
513,くか,2
605,くが,2
218,くき,2
86,くぎ,2
79,くく,2
19,くぐ,2
260,くけ,2
80,くげ,2
328,くこ,2
197,くご,2
783,くさ,2
159,くざ,2
1996,くし,2
492,くじ,2
723,くす,2
26,くず,2
776,くせ,2
59,くぜ,2
210,くそ,2
35,くぞ,2
241,くた,2
759,くだ,2
477,くち,2
240,くっ,2
267,くつ,2
18,くづ,2
901,くて,2
524,くで,2
758,くと,2
166,くど,2
1295,くな,2
1292,くに,2
2,くぬ,2
127,くね,2
1291,くの,2
728,くは,2
141,くば,2
10,くぱ,2
296,くひ,2
64,くび,2
6,くぴ,2
112,くふ,2
215,くぶ,2
16,くぷ,2
55,くへ,2
111,くべ,2
2,くぺ,2
159,くほ,2
42,くぼ,2
19,くぽ,2
215,くま,2
385,くみ,2
101,くむ,2
173,くめ,2
257,くも,2
171,くや,2
30,くゆ,2
181,くよ,2
852,くら,2
920,くり,2
566,くる,2
551,くれ,2
240,くろ,2
388,くわ,2
871,くを,2
248,くん,2
41,くー,2
18,ぐ、,2
14,ぐ。,2
166,ぐ〓,2
45,ぐあ,2
68,ぐい,2
1,ぐぅ,2
55,ぐう,2
7,ぐえ,2
9,ぐお,2
27,ぐか,2
31,ぐが,2
22,ぐき,2
6,ぐぎ,2
6,ぐく,2
5,ぐぐ,2
2,ぐけ,2
24,ぐげ,2
19,ぐこ,2
1,ぐご,2
33,ぐさ,2
1,ぐざ,2
63,ぐし,2
13,ぐじ,2
33,ぐす,2
11,ぐず,2
14,ぐせ,2
2,ぐぜ,2
7,ぐそ,2
2,ぐぞ,2
91,ぐた,2
19,ぐだ,2
80,ぐち,2
47,ぐっ,2
4,ぐつ,2
5,ぐて,2
34,ぐで,2
26,ぐと,2
2,ぐど,2
22,ぐな,2
128,ぐに,2
6,ぐね,2
44,ぐの,2
18,ぐは,2
2,ぐば,2
6,ぐひ,2
10,ぐび,2
8,ぐふ,2
2,ぐぶ,2
1,ぐべ,2
1,ぐぺ,2
5,ぐほ,2
6,ぐぼ,2
4,ぐぽ,2
17,ぐま,2
125,ぐみ,2
4,ぐむ,2
3,ぐめ,2
29,ぐも,2
19,ぐや,2
4,ぐゆ,2
3,ぐよ,2
316,ぐら,2
84,ぐり,2
252,ぐる,2
66,ぐれ,2
25,ぐろ,2
2,ぐわ,2
61,ぐを,2
116,ぐん,2
20,ぐー,2
98,け、,2
42,け。,2
127,け〓,2
75,けあ,2
2288,けい,2
16,けう,2
1,けぇ,2
5,けえ,2
30,けお,2
35,けか,2
94,けが,2
13,けき,2
3,けぎ,2
19,けく,2
1,けぐ,2
5,けけ,2
2,けげ,2
13,けこ,2
5,けご,2
20,けさ,2
1,けざ,2
150,けし,2
46,けじ,2
25,けす,2
25,けず,2
17,けせ,2
2,けぜ,2
5,けそ,2
302,けた,2
100,けだ,2
21,けち,2
715,けっ,2
466,けつ,2
2,けづ,2
512,けて,2
609,けで,2
103,けと,2
572,けど,2
260,けな,2
155,けに,2
8,けぬ,2
21,けね,2
175,けの,2
75,けは,2
72,けば,2
5,けぱ,2
13,けひ,2
12,けび,2
9,けふ,2
14,けぶ,2
9,けべ,2
2,けぺ,2
1,けほ,2
7,けぼ,2
3,けぽ,2
114,けま,2
11,けみ,2
11,けむ,2
10,けめ,2
44,けも,2
24,けや,2
3,けゆ,2
30,けよ,2
122,けら,2
8,けり,2
557,ける,2
421,けれ,2
6,けろ,2
5,けわ,2
81,けを,2
2737,けん,2
362,けー,2
28,げ、,2
3,げ。,2
12,げ〓,2
6,げあ,2
85,げい,2
1,げう,2
4,げぇ,2
11,げえ,2
8,げお,2
19,げか,2
32,げが,2
248,げき,2
13,げく,2
2,げぐ,2
1,げげ,2
3,げこ,2
1,げご,2
35,げさ,2
1,げざ,2
37,げし,2
9,げじ,2
20,げす,2
1,げず,2
2,げせ,2
1,げぜ,2
1,げそ,2
96,げた,2
11,げだ,2
2,げち,2
46,げっ,2
88,げつ,2
128,げて,2
30,げで,2
12,げと,2
49,げな,2
41,げに,2
27,げの,2
12,げは,2
8,げば,2
3,げひ,2
1,げふ,2
1,げぶ,2
1,げべ,2
1,げぺ,2
86,げほ,2
2,げぼ,2
239,げま,2
4,げみ,2
3,げむ,2
2,げめ,2
3,げも,2
4,げや,2
11,げよ,2
59,げら,2
10,げり,2
166,げる,2
9,げれ,2
5,げろ,2
55,げを,2
2016,げん,2
253,げー,2
42,こ、,2
22,こ。,2
201,こ〓,2
53,こあ,2
192,こい,2
5318,こう,2
325,こえ,2
41,こお,2
150,こか,2
187,こが,2
31,こき,2
15,こぎ,2
1041,こく,2
3,こぐ,2
19,こけ,2
7,こげ,2
555,ここ,2
5,こご,2
106,こさ,2
3,こざ,2
420,こし,2
153,こじ,2
88,こす,2
8,こず,2
33,こせ,2
4,こぜ,2
149,こそ,2
7,こぞ,2
155,こた,2
75,こだ,2
112,こち,2
1,こぢ,2
312,こっ,2
47,こつ,2
8,こづ,2
22,こて,2
305,こで,2
4765,こと,2
324,こど,2
677,こな,2
257,こに,2
2,こぬ,2
16,こね,2
1922,この,2
145,こは,2
56,こば,2
29,こひ,2
71,こび,2
42,こぴ,2
20,こふ,2
52,こぶ,2
1,こぷ,2
25,こへ,2
23,こべ,2
3,こほ,2
6,こぼ,2
4,こぽ,2
272,こま,2
266,こみ,2
96,こむ,2
146,こめ,2
133,こも,2
34,こや,2
17,こゆ,2
50,こよ,2
137,こら,2
85,こり,2
69,こる,2
1217,これ,2
1183,ころ,2
56,こわ,2
92,こを,2
1616,こん,2
310,こー,2
90,ご、,2
12,ご。,2
81,ご〓,2
35,ごあ,2
128,ごい,2
591,ごう,2
32,ごえ,2
44,ごお,2
134,ごか,2
41,ごが,2
125,ごき,2
258,ごく,2
1,ごぐ,2
38,ごけ,2
5,ごげ,2
42,ごこ,2
47,ごご,2
59,ごさ,2
205,ござ,2
258,ごし,2
68,ごじ,2
47,ごす,2
29,ごせ,2
20,ごぜ,2
26,ごそ,2
23,ごぞ,2
19,ごた,2
20,ごだ,2
34,ごち,2
13,ごっ,2
9,ごつ,2
17,ごて,2
54,ごで,2
366,ごと,2
56,ごど,2
17,ごな,2
173,ごに,2
12,ごね,2
193,ごの,2
100,ごは,2
12,ごば,2
20,ごひ,2
3,ごび,2
24,ごふ,2
13,ごぶ,2
8,ごぷ,2
12,ごへ,2
5,ごべ,2
1,ごぺ,2
13,ごほ,2
1,ごぼ,2
38,ごま,2
56,ごみ,2
17,ごむ,2
64,ごめ,2
44,ごも,2
33,ごや,2
2,ごゆ,2
26,ごよ,2
31,ごら,2
78,ごり,2
52,ごる,2
26,ごれ,2
141,ごろ,2
2,ごわ,2
61,ごを,2
59,ごん,2
42,ごー,2
54,さ、,2
37,さ。,2
129,さ〓,2
4,さぁ,2
19,さあ,2
3279,さい,2
13,さう,2
1,さぇ,2
184,さえ,2
32,さお,2
321,さか,2
238,さが,2
313,さき,2
108,さぎ,2
1489,さく,2
11,さぐ,2
122,さけ,2
38,さげ,2
10,さこ,2
9,さご,2
109,ささ,2
12,さざ,2
240,さし,2
9,さじ,2
93,さす,2
22,さず,2
359,させ,2
43,さそ,2
17,さぞ,2
10,さた,2
170,さだ,2
13,さち,2
1,さぢ,2
297,さっ,2
300,さつ,2
151,さて,2
84,さで,2
129,さと,2
13,さど,2
171,さな,2
156,さに,2
9,さぬ,2
35,さね,2
120,さの,2
116,さは,2
64,さば,2
50,さひ,2
59,さび,2
3,さぴ,2
17,さふ,2
35,さぶ,2
7,さぷ,2
8,さべ,2
1,さぺ,2
20,さほ,2
4,さぼ,2
19,さぽ,2
594,さま,2
31,さみ,2
74,さむ,2
35,さめ,2
25,さも,2
56,さや,2
18,さゆ,2
29,さよ,2
300,さら,2
76,さり,2
82,さる,2
1825,され,2
3,さろ,2
104,さわ,2
167,さを,2
2526,さん,2
371,さー,2
7,ざ、,2
23,ざ〓,2
5,ざあ,2
1369,ざい,2
4,ざう,2
5,ざえ,2
1,ざお,2
35,ざか,2
8,ざが,2
28,ざき,2
1,ざぎ,2
3,ざく,2
8,ざけ,2
1,ざこ,2
2,ざさ,2
92,ざし,2
3,ざじ,2
39,ざす,2
1,ざず,2
12,ざせ,2
4,ざそ,2
6,ざた,2
5,ざだ,2
4,ざち,2
76,ざっ,2
50,ざつ,2
1,ざて,2
4,ざで,2
26,ざと,2
1,ざど,2
3,ざな,2
22,ざに,2
9,ざね,2
23,ざの,2
10,ざは,2
2,ざび,2
4,ざぶ,2
2,ざへ,2
1,ざべ,2
3,ざほ,2
1,ざぽ,2
148,ざま,2
7,ざみ,2
5,ざむ,2
12,ざめ,2
2,ざも,2
10,ざや,2
1,ざよ,2
14,ざら,2
11,ざり,2
29,ざる,2
1,ざろ,2
71,ざわ,2
18,ざを,2
188,ざん,2
144,ざー,2
1398,し、,2
184,し。,2
590,し〓,2
519,しあ,2
8,しぃ,2
1209,しい,2
35,しう,2
188,しぇ,2
170,しえ,2
89,しお,2
1421,しか,2
386,しが,2
806,しき,2
65,しぎ,2
559,しく,2
28,しぐ,2
92,しけ,2
75,しげ,2
244,しこ,2
229,しご,2
309,しさ,2
6,しざ,2
410,しし,2
215,しじ,2
329,しす,2
100,しず,2
176,しせ,2
104,しぜ,2
129,しそ,2
6,しぞ,2
5009,した,2
215,しだ,2
290,しち,2
363,しっ,2
573,しつ,2
11,しづ,2
5875,して,2
303,しで,2
249,しと,2
182,しど,2
790,しな,2
558,しに,2
38,しぬ,2
30,しね,2
862,しの,2
623,しは,2
156,しば,2
2,しぱ,2
40,しひ,2
5,しび,2
10,しぴ,2
35,しふ,2
91,しぶ,2
4,しぷ,2
15,しへ,2
4,しべ,2
75,しほ,2
54,しぼ,2
1,しぽ,2
1818,しま,2
179,しみ,2
55,しむ,2
284,しめ,2
257,しも,2
2925,しゃ,2
152,しや,2
3740,しゅ,2
10,しゆ,2
6341,しょ,2
387,しよ,2
341,しら,2
258,しり,2
174,しる,2
335,しれ,2
364,しろ,2
30,しわ,2
389,しを,2
3169,しん,2
319,しー,2
71,じ、,2
42,じ。,2
276,じ〓,2
115,じあ,2
2,じぃ,2
56,じい,2
14,じう,2
92,じぇ,2
27,じえ,2
86,じお,2
601,じか,2
186,じが,2
205,じき,2
80,じぎ,2
43,じく,2
8,じぐ,2
230,じけ,2
11,じげ,2
236,じこ,2
28,じご,2
237,じさ,2
5,じざ,2
417,じし,2
173,じじ,2
74,じす,2
6,じず,2
77,じせ,2
28,じぜ,2
22,じそ,2
7,じぞ,2
276,じた,2
272,じだ,2
78,じち,2
703,じっ,2
794,じつ,2
2,じづ,2
316,じて,2
228,じで,2
92,じと,2
127,じど,2
134,じな,2
282,じに,2
1,じぬ,2
56,じね,2
302,じの,2
142,じは,2
57,じば,2
4,じぱ,2
21,じひ,2
7,じび,2
24,じふ,2
574,じぶ,2
67,じぷ,2
24,じへ,2
2,じべ,2
9,じぺ,2
14,じほ,2
3,じぼ,2
1,じぽ,2
299,じま,2
129,じみ,2
71,じむ,2
476,じめ,2
91,じも,2
781,じゃ,2
27,じや,2
2041,じゅ,2
122,じゆ,2
4319,じょ,2
54,じよ,2
66,じら,2
93,じり,2
125,じる,2
68,じれ,2
28,じろ,2
64,じわ,2
236,じを,2
1129,じん,2
43,じー,2
92,す、,2
4239,す。,2
684,す〓,2
28,すあ,2
1,すぃ,2
570,すい,2
503,すう,2
50,すえ,2
29,すお,2
649,すか,2
1159,すが,2
289,すき,2
249,すぎ,2
431,すく,2
156,すぐ,2
218,すけ,2
26,すげ,2
394,すこ,2
227,すご,2
36,すさ,2
2,すざ,2
136,すし,2
115,すじ,2
278,すす,2
76,すず,2
25,すせ,2
5,すぜ,2
20,すそ,2
10,すぞ,2
332,すた,2
52,すだ,2
26,すち,2
92,すっ,2
4,すつ,2
1,すづ,2
361,すて,2
259,すで,2
806,すと,2
7,すど,2
149,すな,2
174,すに,2
4,すぬ,2
336,すね,2
431,すの,2
166,すは,2
103,すば,2
83,すぱ,2
29,すひ,2
24,すび,2
51,すぴ,2
11,すふ,2
25,すぶ,2
44,すぷ,2
12,すへ,2
346,すべ,2
74,すぺ,2
17,すほ,2
3,すぼ,2
106,すぽ,2
165,すま,2
185,すみ,2
93,すむ,2
194,すめ,2
96,すも,2
27,すや,2
10,すゆ,2
380,すよ,2
88,すら,2
126,すり,2
3950,する,2
287,すれ,2
19,すろ,2
109,すわ,2
209,すを,2
150,すん,2
87,すー,2
276,ず、,2
43,ず。,2
190,ず〓,2
24,ずあ,2
105,ずい,2
37,ずう,2
11,ずえ,2
37,ずお,2
292,ずか,2
84,ずが,2
131,ずき,2
11,ずぎ,2
18,ずく,2
2,ずぐ,2
36,ずけ,2
3,ずげ,2
33,ずこ,2
6,ずご,2
25,ずさ,2
3,ずざ,2
103,ずし,2
15,ずじ,2
22,ずす,2
7,ずせ,2
4,ずぜ,2
11,ずそ,2
13,ずた,2
51,ずだ,2
7,ずち,2
81,ずっ,2
78,ずつ,2
4,ずて,2
87,ずで,2
42,ずと,2
7,ずど,2
51,ずな,2
197,ずに,2
1,ずぬ,2
36,ずね,2
120,ずの,2
126,ずは,2
11,ずば,2
1,ずぱ,2
8,ずひ,2
2,ずび,2
12,ずふ,2
7,ずぶ,2
1,ずぷ,2
3,ずへ,2
6,ずべ,2
7,ずほ,2
7,ずぼ,2
2,ずぽ,2
40,ずま,2
108,ずみ,2
58,ずむ,2
11,ずめ,2
27,ずも,2
18,ずや,2
5,ずゆ,2
11,ずよ,2
47,ずら,2
23,ずり,2
30,ずる,2
169,ずれ,2
1,ずろ,2
3,ずわ,2
78,ずを,2
44,ずん,2
3,ずー,2
73,せ、,2
27,せ。,2
44,せ〓,2
11,せあ,2
4724,せい,2
7,せう,2
1,せぇ,2
4,せえ,2
8,せお,2
297,せか,2
47,せが,2
746,せき,2
23,せぎ,2
21,せく,2
31,せぐ,2
15,せけ,2
7,せげ,2
13,せこ,2
1,せご,2
15,せさ,2
12,せざ,2
17,せし,2
8,せじ,2
107,せす,2
78,せず,2
2,せせ,2
3,せそ,2
140,せた,2
66,せだ,2
2,せち,2
383,せっ,2
866,せつ,2
2,せづ,2
327,せて,2
28,せで,2
27,せと,2
1,せど,2
144,せな,2
41,せに,2
11,せぬ,2
14,せね,2
63,せの,2
17,せは,2
24,せば,2
1,せぱ,2
2,せひ,2
3,せび,2
4,せふ,2
11,せぶ,2
28,せぷ,2
2,せべ,2
1,せほ,2
1,せぼ,2
1,せぽ,2
84,せま,2
15,せみ,2
3,せむ,2
21,せめ,2
16,せも,2
1,せや,2
47,せよ,2
79,せら,2
72,せり,2
389,せる,2
18,せれ,2
11,せろ,2
32,せわ,2
42,せを,2
3073,せん,2
58,せー,2
19,ぜ、,2
7,ぜ。,2
28,ぜ〓,2
7,ぜあ,2
2,ぜぃ,2
207,ぜい,2
3,ぜう,2
1,ぜぇ,2
1,ぜえ,2
1,ぜお,2
32,ぜか,2
8,ぜが,2
5,ぜき,2
2,ぜぎ,2
2,ぜく,2
1,ぜぐ,2
1,ぜけ,2
1,ぜげ,2
9,ぜこ,2
2,ぜさ,2
2,ぜじ,2
1,ぜす,2
5,ぜせ,2
4,ぜそ,2
6,ぜた,2
7,ぜだ,2
1,ぜち,2
116,ぜっ,2
35,ぜつ,2
9,ぜて,2
5,ぜで,2
4,ぜと,2
2,ぜど,2
23,ぜな,2
46,ぜに,2
2,ぜね,2
3,ぜの,2
2,ぜは,2
83,ぜひ,2
1,ぜべ,2
1,ぜほ,2
4,ぜま,2
6,ぜみ,2
1,ぜも,2
1,ぜや,2
1,ぜゆ,2
2,ぜよ,2
3,ぜら,2
22,ぜり,2
7,ぜる,2
27,ぜろ,2
9,ぜを,2
1579,ぜん,2
1,ぜー,2
37,そ、,2
1,そ。,2
32,そ〓,2
3,そあ,2
81,そい,2
2560,そう,2
10,そえ,2
7,そお,2
40,そか,2
80,そが,2
10,そき,2
29,そぎ,2
564,そく,2
7,そぐ,2
4,そけ,2
3,そげ,2
407,そこ,2
4,そご,2
10,そさ,2
19,そざ,2
454,そし,2
9,そじ,2
14,そす,2
11,そせ,2
3,そぜ,2
10,そそ,2
91,そだ,2
65,そち,2
62,そっ,2
51,そつ,2
8,そて,2
23,そで,2
86,そと,2
2,そど,2
39,そな,2
22,そに,2
4,そね,2
1812,その,2
22,そは,2
45,そば,2
2,そぱ,2
4,そひ,2
51,そび,2
264,そふ,2
17,そぶ,2
10,そぷ,2
2,そへ,2
10,そべ,2
5,そほ,2
16,そぼ,2
23,そぽ,2
12,そま,2
8,そみ,2
5,そむ,2
11,そめ,2
79,そも,2
3,そや,2
1,そゆ,2
6,そよ,2
86,そら,2
44,そり,2
21,そる,2
1440,それ,2
115,そろ,2
24,そわ,2
22,そを,2
711,そん,2
145,そー,2
10,ぞ、,2
37,ぞ。,2
32,ぞ〓,2
1,ぞあ,2
32,ぞい,2
515,ぞう,2
20,ぞえ,2
2,ぞぉ,2
16,ぞお,2
14,ぞか,2
2,ぞが,2
34,ぞき,2
614,ぞく,2
16,ぞけ,2
2,ぞげ,2
6,ぞこ,2
13,ぞご,2
3,ぞし,2
1,ぞじ,2
3,ぞせ,2
1,ぞだ,2
10,ぞっ,2
1,ぞて,2
1,ぞで,2
11,ぞと,2
4,ぞな,2
10,ぞの,2
5,ぞは,2
1,ぞぷ,2
33,ぞま,2
13,ぞみ,2
9,ぞむ,2
2,ぞめ,2
2,ぞや,2
1,ぞゆ,2
5,ぞよ,2
10,ぞら,2
5,ぞり,2
2,ぞる,2
87,ぞれ,2
5,ぞろ,2
2,ぞわ,2
196,ぞん,2
4,ぞー,2
460,た、,2
4040,た。,2
907,た〓,2
3,たぁ,2
162,たあ,2
4691,たい,2
137,たう,2
395,たえ,2
180,たお,2
1215,たか,2
960,たが,2
213,たき,2
51,たぎ,2
890,たく,2
45,たぐ,2
304,たけ,2
48,たげ,2
695,たこ,2
20,たご,2
185,たさ,2
10,たざ,2
1332,たし,2
253,たじ,2
178,たす,2
56,たず,2
125,たせ,2
23,たぜ,2
123,たそ,2
78,たぞ,2
391,たた,2
840,ただ,2
881,たち,2
440,たっ,2
270,たつ,2
12,たづ,2
195,たて,2
218,たで,2
1086,たと,2
66,たど,2
277,たな,2
382,たに,2
1,たぬ,2
129,たね,2
1818,たの,2
423,たは,2
245,たば,2
14,たぱ,2
155,たひ,2
294,たび,2
4,たぴ,2
71,たふ,2
104,たぶ,2
20,たぷ,2
47,たへ,2
276,たべ,2
4,たぺ,2
116,たほ,2
26,たぼ,2
11,たぽ,2
510,たま,2
187,たみ,2
42,たむ,2
1010,ため,2
433,たも,2
61,たや,2
28,たゆ,2
315,たよ,2
993,たら,2
1044,たり,2
210,たる,2
83,たれ,2
87,たろ,2
196,たわ,2
225,たを,2
1225,たん,2
2,たヴ,2
607,たー,2
161,だ、,2
1141,だ。,2
316,だ〓,2
9,だぁ,2
32,だあ,2
2750,だい,2
49,だう,2
19,だえ,2
27,だお,2
487,だか,2
412,だが,2
212,だき,2
8,だぎ,2
117,だく,2
5,だぐ,2
1078,だけ,2
6,だげ,2
38,だこ,2
3,だご,2
519,ださ,2
4,だざ,2
595,だし,2
37,だじ,2
169,だす,2
63,だせ,2
8,だぜ,2
43,だそ,2
13,だぞ,2
40,だた,2
20,だだ,2
143,だち,2
814,だっ,2
65,だつ,2
2,だづ,2
204,だて,2
57,だで,2
485,だと,2
2,だど,2
141,だな,2
158,だに,2
2,だぬ,2
55,だね,2
101,だの,2
45,だは,2
8,だば,2
31,だひ,2
3,だび,2
13,だふ,2
16,だぶ,2
2,だぷ,2
4,だへ,2
1,だべ,2
10,だぺ,2
10,だほ,2
3,だぼ,2
89,だま,2
26,だみ,2
39,だむ,2
234,だめ,2
42,だも,2
17,だや,2
11,だゆ,2
126,だよ,2
63,だら,2
103,だり,2
45,だる,2
243,だれ,2
511,だろ,2
36,だわ,2
51,だを,2
1178,だん,2
1,だヴ,2
151,だー,2
121,ち、,2
28,ち。,2
287,ち〓,2
103,ちあ,2
1,ちぃ,2
419,ちい,2
16,ちう,2
158,ちぇ,2
104,ちえ,2
92,ちお,2
436,ちか,2
725,ちが,2
78,ちき,2
21,ちぎ,2
142,ちく,2
13,ちぐ,2
57,ちけ,2
18,ちげ,2
95,ちこ,2
50,ちご,2
92,ちさ,2
2,ちざ,2
202,ちし,2
252,ちじ,2
56,ちす,2
17,ちず,2
23,ちせ,2
1,ちぜ,2
33,ちそ,2
4,ちぞ,2
82,ちた,2
133,ちだ,2
65,ちち,2
7,ちぢ,2
69,ちっ,2
51,ちつ,2
19,ちづ,2
114,ちて,2
233,ちで,2
199,ちと,2
193,ちど,2
162,ちな,2
408,ちに,2
6,ちぬ,2
28,ちね,2
483,ちの,2
211,ちは,2
221,ちば,2
7,ちぱ,2
29,ちひ,2
23,ちび,2
5,ちぴ,2
17,ちふ,2
113,ちぶ,2
2,ちぷ,2
30,ちへ,2
23,ちべ,2
2,ちぺ,2
136,ちほ,2
14,ちぼ,2
2,ちぽ,2
105,ちま,2
8,ちみ,2
7,ちむ,2
40,ちめ,2
120,ちも,2
737,ちゃ,2
40,ちや,2
1272,ちゅ,2
9,ちゆ,2
2859,ちょ,2
73,ちよ,2
208,ちら,2
65,ちり,2
22,ちる,2
21,ちれ,2
213,ちろ,2
21,ちわ,2
279,ちを,2
232,ちん,2
1,ちヴ,2
75,ちー,2
1,ぢえ,2
36,ぢか,2
7,ぢが,2
1,ぢし,2
1,ぢじ,2
1,ぢに,2
6,ぢの,2
8,ぢは,2
1,ぢま,2
1,ぢみ,2
4,ぢめ,2
3,ぢも,2
1,ぢゃ,2
1,ぢり,2
5,ぢを,2
1,ぢん,2
37,っ、,2
14,っ。,2
103,っ〓,2
18,っあ,2
1,っぅ,2
980,っか,2
639,っき,2
1178,っく,2
69,っぐ,2
371,っけ,2
795,っこ,2
3,っご,2
342,っさ,2
951,っし,2
50,っじ,2
68,っす,2
17,っず,2
289,っせ,2
155,っそ,2
5196,った,2
6,っだ,2
441,っち,2
12,っっ,2
86,っつ,2
6117,って,2
1,っで,2
1775,っと,2
111,っど,2
1,っな,2
2,っね,2
2,っの,2
34,っは,2
542,っぱ,2
3,っひ,2
2,っび,2
207,っぴ,2
43,っふ,2
1,っぶ,2
450,っぷ,2
2,っへ,2
32,っぺ,2
261,っぽ,2
1,っま,2
5,っむ,2
1,っめ,2
1,っら,2
2,っれ,2
1,っを,2
190,つ、,2
139,つ。,2
366,つ〓,2
6,つぁ,2
108,つあ,2
4,つぃ,2
1096,つい,2
687,つう,2
2,つぇ,2
124,つえ,2
2,つぉ,2
92,つお,2
1197,つか,2
371,つが,2
1070,つき,2
380,つぎ,2
598,つく,2
21,つぐ,2
445,つけ,2
281,つげ,2
136,つこ,2
91,つご,2
202,つさ,2
13,つざ,2
519,つし,2
169,つじ,2
199,つす,2
10,つず,2
77,つせ,2
56,つぜ,2
36,つそ,2
62,つぞ,2
178,つた,2
163,つだ,2
89,つち,2
59,つっ,2
161,つつ,2
357,つづ,2
143,つて,2
295,つで,2
273,つと,2
153,つど,2
403,つな,2
692,つに,2
1,つぬ,2
62,つね,2
855,つの,2
442,つは,2
160,つば,2
6,つぱ,2
44,つひ,2
35,つび,2
20,つふ,2
118,つぶ,2
4,つぷ,2
24,つへ,2
16,つべ,2
1,つぺ,2
28,つほ,2
53,つぼ,2
6,つぽ,2
392,つま,2
96,つみ,2
27,つむ,2
342,つめ,2
495,つも,2
177,つや,2
21,つゆ,2
741,つよ,2
88,つら,2
205,つり,2
26,つる,2
104,つれ,2
56,つろ,2
42,つわ,2
479,つを,2
15,つん,2
88,つー,2
103,づい,2
1,づえ,2
44,づか,2
126,づき,2
146,づく,2
286,づけ,2
1,づち,2
3,づっ,2
3,づつ,2
1,づて,2
2,づと,2
4,づな,2
1,づに,2
2,づね,2
2,づま,2
8,づみ,2
12,づめ,2
1,づも,2
9,づよ,2
13,づら,2
5,づり,2
6,づれ,2
1,づわ,2
1,づを,2
2085,て、,2
98,て。,2
599,て〓,2
303,てあ,2
542,てぃ,2
7484,てい,2
88,てう,2
7,てぇ,2
38,てえ,2
826,てお,2
418,てか,2
189,てが,2
2666,てき,2
23,てぎ,2
819,てく,2
19,てぐ,2
66,てけ,2
17,てげ,2
325,てこ,2
48,てご,2
167,てさ,2
11,てざ,2
958,てし,2
201,てじ,2
128,てす,2
8,てず,2
106,てせ,2
32,てぜ,2
119,てそ,2
7,てぞ,2
288,てた,2
64,てだ,2
96,てち,2
4,てぢ,2
102,てっ,2
364,てつ,2
10,てづ,2
151,てて,2
99,てで,2
142,てと,2
68,てど,2
313,てな,2
250,てに,2
10,てぬ,2
87,てね,2
473,ての,2
827,ては,2
35,てば,2
15,てぱ,2
80,てひ,2
22,てび,2
6,てぴ,2
69,てふ,2
20,てぶ,2
11,てぷ,2
29,てへ,2
10,てべ,2
2,てぺ,2
180,てほ,2
21,てぼ,2
8,てぽ,2
321,てま,2
469,てみ,2
241,てむ,2
33,てめ,2
1321,ても,2
125,てや,2
52,てゆ,2
130,てよ,2
84,てら,2
78,てり,2
560,てる,2
145,てれ,2
26,てろ,2
64,てわ,2
119,てを,2
1537,てん,2
1,てヴ,2
166,てー,2
1910,で、,2
125,で。,2
569,で〓,2
1951,であ,2
320,でぃ,2
563,でい,2
121,でう,2
1,でぇ,2
47,でえ,2
378,でお,2
406,でか,2
57,でが,2
1652,でき,2
19,でぎ,2
99,でく,2
4,でぐ,2
76,でけ,2
21,でげ,2
259,でこ,2
94,でご,2
169,でさ,2
75,でざ,2
1233,でし,2
190,でじ,2
3497,です,2
8,でず,2
96,でせ,2
17,でぜ,2
92,でそ,2
6,でぞ,2
258,でた,2
67,でだ,2
91,でち,2
22,でっ,2
143,でつ,2
1,でづ,2
264,でて,2
88,でで,2
160,でと,2
75,でど,2
272,でな,2
263,でに,2
17,でぬ,2
44,でね,2
340,での,2
2023,では,2
41,でば,2
31,でぱ,2
114,でひ,2
43,でび,2
7,でぴ,2
100,でふ,2
33,でぶ,2
14,でぷ,2
34,でへ,2
18,でべ,2
5,でぺ,2
58,でほ,2
22,でぼ,2
12,でぽ,2
123,でま,2
130,でみ,2
47,でむ,2
38,でめ,2
1385,でも,2
112,でや,2
18,でゅ,2
73,でゆ,2
96,でよ,2
22,でら,2
56,でり,2
140,でる,2
28,でれ,2
10,でろ,2
64,でわ,2
25,でを,2
557,でん,2
150,でー,2
1187,と、,2
327,と。,2
926,と〓,2
232,とあ,2
3840,とい,2
15,とぅ,2
3028,とう,2
254,とえ,2
2,とぉ,2
1490,とお,2
1300,とか,2
1387,とが,2
1229,とき,2
35,とぎ,2
794,とく,2
20,とぐ,2
165,とけ,2
61,とげ,2
1170,とこ,2
53,とご,2
263,とさ,2
12,とざ,2
2860,とし,2
195,とじ,2
348,とす,2
34,とず,2
126,とせ,2
22,とぜ,2
119,とそ,2
75,とぞ,2
284,とた,2
344,とだ,2
256,とち,2
475,とっ,2
403,とつ,2
51,とづ,2
155,とて,2
859,とで,2
594,とと,2
247,とど,2
998,とな,2
1306,とに,2
5,とぬ,2
43,とね,2
1145,との,2
1630,とは,2
393,とば,2
18,とぱ,2
164,とひ,2
185,とび,2
9,とぴ,2
153,とふ,2
48,とぶ,2
28,とぷ,2
85,とへ,2
20,とべ,2
4,とぺ,2
103,とほ,2
46,とぼ,2
7,とぽ,2
298,とま,2
198,とみ,2
66,とむ,2
402,とめ,2
1346,とも,2
164,とや,2
40,とゆ,2
259,とよ,2
332,とら,2
986,とり,2
259,とる,2
261,とれ,2
70,とろ,2
217,とわ,2
1029,とを,2
290,とん,2
2,とヴ,2
138,とー,2
562,ど、,2
103,ど。,2
420,ど〓,2
85,どあ,2
125,どい,2
8,どぅ,2
2854,どう,2
13,どえ,2
102,どお,2
158,どか,2
223,どが,2
218,どき,2
5,どぎ,2
360,どく,2
15,どぐ,2
51,どけ,2
11,どげ,2
352,どこ,2
6,どご,2
49,どさ,2
1,どざ,2
124,どし,2
44,どじ,2
53,どす,2
1,どず,2
32,どせ,2
11,どぜ,2
25,どそ,2
43,どた,2
65,どだ,2
64,どち,2
116,どっ,2
12,どつ,2
25,どて,2
241,どで,2
153,どと,2
9,どど,2
117,どな,2
304,どに,2
74,どね,2
718,どの,2
235,どは,2
50,どば,2
4,どぱ,2
24,どひ,2
4,どび,2
19,どふ,2
10,どぶ,2
24,どへ,2
9,どべ,2
18,どほ,2
7,どぼ,2
2,どぽ,2
103,どま,2
28,どみ,2
9,どむ,2
72,どめ,2
529,ども,2
39,どや,2
8,どゆ,2
52,どよ,2
262,どら,2
177,どり,2
74,どる,2
141,どれ,2
107,どろ,2
18,どわ,2
374,どを,2
242,どん,2
2,どヴ,2
32,どー,2
108,な、,2
160,な。,2
346,な〓,2
140,なぁ,2
134,なあ,2
5588,ない,2
262,なう,2
114,なえ,2
428,なお,2
1935,なか,2
1012,なが,2
274,なき,2
51,なぎ,2
1083,なく,2
75,なぐ,2
327,なけ,2
85,なげ,2
434,なこ,2
43,なご,2
370,なさ,2
11,なざ,2
897,なし,2
575,なじ,2
129,なす,2
12,なず,2
132,なせ,2
135,なぜ,2
61,なそ,2
30,なぞ,2
244,なた,2
49,なだ,2
96,なち,2
11,なぢ,2
1612,なっ,2
122,なつ,2
7,なづ,2
53,なて,2
92,なで,2
227,なと,2
1346,など,2
83,なな,2
772,なに,2
4,なぬ,2
19,なね,2
816,なの,2
204,なは,2
72,なば,2
11,なぱ,2
151,なひ,2
31,なび,2
5,なぴ,2
72,なふ,2
60,なぶ,2
13,なぷ,2
30,なへ,2
45,なべ,2
7,なぺ,2
60,なほ,2
21,なぼ,2
23,なぽ,2
207,なま,2
252,なみ,2
28,なむ,2
80,なめ,2
305,なも,2
115,なや,2
19,なゆ,2
87,なよ,2
908,なら,2
897,なり,2
1173,なる,2
208,なれ,2
31,なろ,2
281,なわ,2
114,なを,2
1304,なん,2
203,なー,2
1111,に、,2
119,に。,2
727,に〓,2
888,にあ,2
2,にぃ,2
720,にい,2
215,にう,2
3,にぇ,2
94,にえ,2
1085,にお,2
1449,にか,2
201,にが,2
514,にき,2
67,にぎ,2
352,にく,2
25,にぐ,2
145,にけ,2
101,にげ,2
473,にこ,2
87,にご,2
300,にさ,2
21,にざ,2
1325,にし,2
353,にじ,2
529,にす,2
8,にず,2
264,にせ,2
46,にぜ,2
244,にそ,2
33,にぞ,2
752,にた,2
115,にだ,2
533,にち,2
236,にっ,2
1044,につ,2
3,にづ,2
277,にて,2
227,にで,2
568,にと,2
179,にど,2
2033,にな,2
154,にに,2
14,にぬ,2
55,にね,2
289,にの,2
2320,には,2
60,にば,2
14,にぱ,2
279,にひ,2
34,にび,2
10,にぴ,2
272,にふ,2
92,にぶ,2
27,にぷ,2
83,にへ,2
16,にべ,2
3,にぺ,2
752,にほ,2
41,にぼ,2
7,にぽ,2
247,にま,2
251,にみ,2
164,にむ,2
136,にめ,2
972,にも,2
16,にゃ,2
157,にや,2
841,にゅ,2
67,にゆ,2
39,にょ,2
796,によ,2
37,にら,2
97,にり,2
22,にる,2
40,にれ,2
30,にろ,2
204,にわ,2
69,にを,2
1098,にん,2
116,にー,2
4,ぬ、,2
32,ぬ。,2
23,ぬ〓,2
4,ぬぁ,2
2,ぬあ,2
1,ぬぃ,2
36,ぬい,2
2,ぬう,2
3,ぬえ,2
8,ぬお,2
26,ぬか,2
13,ぬが,2
39,ぬき,2
7,ぬぎ,2
13,ぬく,2
10,ぬぐ,2
71,ぬけ,2
2,ぬげ,2
9,ぬこ,2
7,ぬご,2
1,ぬさ,2
37,ぬし,2
14,ぬじ,2
19,ぬす,2
1,ぬせ,2
1,ぬそ,2
2,ぬぞ,2
2,ぬた,2
2,ぬだ,2
7,ぬっ,2
1,ぬつ,2
1,ぬづ,2
1,ぬて,2
1,ぬで,2
8,ぬと,2
1,ぬど,2
1,ぬな,2
2,ぬに,2
1,ぬぬ,2
22,ぬの,2
3,ぬは,2
2,ぬひ,2
7,ぬふ,2
5,ぬほ,2
1,ぬぼ,2
14,ぬま,2
1,ぬめ,2
9,ぬも,2
4,ぬや,2
2,ぬゆ,2
8,ぬよ,2
2,ぬら,2
30,ぬり,2
9,ぬる,2
8,ぬれ,2
1,ぬわ,2
7,ぬを,2
20,ぬん,2
5,ぬー,2
74,ね、,2
652,ね。,2
268,ね〓,2
19,ねあ,2
20,ねぃ,2
44,ねい,2
2,ねう,2
37,ねぇ,2
124,ねえ,2
9,ねお,2
10,ねか,2
230,ねが,2
21,ねき,2
14,ねぎ,2
10,ねく,2
1,ねけ,2
24,ねこ,2
2,ねご,2
19,ねさ,2
1,ねざ,2
27,ねし,2
45,ねじ,2
59,ねす,2
23,ねず,2
7,ねせ,2
6,ねそ,2
97,ねた,2
34,ねだ,2
8,ねち,2
416,ねっ,2
83,ねつ,2
9,ねづ,2
58,ねて,2
17,ねで,2
19,ねと,2
43,ねな,2
63,ねに,2
2,ねぬ,2
52,ねの,2
26,ねは,2
33,ねば,2
2,ねひ,2
12,ねび,2
6,ねふ,2
8,ねぶ,2
1,ねぷ,2
4,ねへ,2
7,ねぼ,2
17,ねま,2
38,ねむ,2
10,ねも,2
8,ねや,2
3,ねゆ,2
2,ねよ,2
73,ねら,2
27,ねり,2
122,ねる,2
1,ねろ,2
2,ねわ,2
47,ねを,2
1411,ねん,2
86,ねー,2
171,の、,2
78,の。,2
1522,の〓,2
842,のあ,2
806,のい,2
1,のぅ,2
1295,のう,2
331,のえ,2
852,のお,2
2322,のか,2
876,のが,2
949,のき,2
159,のぎ,2
272,のく,2
45,のぐ,2
532,のけ,2
220,のげ,2
1874,のこ,2
180,のご,2
682,のさ,2
59,のざ,2
1914,のし,2
1085,のじ,2
407,のす,2
18,のず,2
809,のせ,2
90,のぜ,2
353,のそ,2
206,のぞ,2
953,のた,2
1006,のだ,2
643,のち,2
134,のっ,2
229,のつ,2
3,のづ,2
386,のて,2
2482,ので,2
933,のと,2
238,のど,2
886,のな,2
658,のに,2
8,のぬ,2
134,のね,2
231,のの,2
1889,のは,2
400,のば,2
72,のぱ,2
783,のひ,2
110,のび,2
26,のぴ,2
395,のふ,2
240,のぶ,2
101,のぷ,2
183,のへ,2
106,のべ,2
51,のぺ,2
553,のほ,2
149,のぼ,2
51,のぽ,2
517,のま,2
513,のみ,2
148,のむ,2
305,のめ,2
667,のも,2
199,のや,2
175,のゆ,2
1004,のよ,2
93,のら,2
574,のり,2
70,のる,2
226,のれ,2
91,のろ,2
325,のわ,2
318,のを,2
105,のん,2
5,のヴ,2
49,のー,2
3661,は、,2
43,は。,2
1339,は〓,2
10,はぁ,2
653,はあ,2
1688,はい,2
149,はう,2
78,はえ,2
549,はお,2
683,はか,2
90,はが,2
361,はき,2
54,はぎ,2
182,はく,2
32,はぐ,2
130,はけ,2
111,はげ,2
591,はこ,2
95,はご,2
275,はさ,2
17,はざ,2
748,はし,2
766,はじ,2
255,はす,2
261,はず,2
161,はせ,2
132,はぜ,2
370,はそ,2
22,はぞ,2
489,はた,2
203,はだ,2
350,はち,2
663,はっ,2
821,はつ,2
133,はて,2
167,はで,2
289,はと,2
290,はど,2
2006,はな,2
167,はに,2
6,はぬ,2
88,はね,2
98,はの,2
298,はは,2
133,はば,2
22,はぱ,2
234,はひ,2
35,はび,2
10,はぴ,2
216,はふ,2
81,はぶ,2
18,はぷ,2
51,はへ,2
49,はべ,2
4,はぺ,2
187,はほ,2
44,はぼ,2
10,はぽ,2
391,はま,2
196,はみ,2
172,はむ,2
106,はめ,2
249,はも,2
372,はや,2
68,はゆ,2
160,はよ,2
285,はら,2
216,はり,2
141,はる,2
60,はれ,2
25,はろ,2
174,はわ,2
48,はを,2
1506,はん,2
1,はヴ,2
72,はー,2
612,ば、,2
14,ば。,2
170,ば〓,2
508,ばあ,2
843,ばい,2
29,ばう,2
19,ばえ,2
31,ばお,2
282,ばか,2
70,ばが,2
31,ばき,2
4,ばぎ,2
160,ばく,2
11,ばぐ,2
26,ばけ,2
5,ばげ,2
80,ばこ,2
3,ばご,2
50,ばさ,2
3,ばざ,2
280,ばし,2
36,ばじ,2
97,ばす,2
9,ばず,2
30,ばせ,2
4,ばぜ,2
36,ばそ,2
2,ばぞ,2
61,ばた,2
30,ばだ,2
30,ばち,2
190,ばっ,2
53,ばつ,2
2,ばづ,2
13,ばて,2
91,ばで,2
78,ばと,2
11,ばど,2
266,ばな,2
112,ばに,2
1,ばぬ,2
9,ばね,2
110,ばの,2
95,ばは,2
15,ばば,2
1,ばぱ,2
16,ばひ,2
8,ばび,2
15,ばふ,2
42,ばぶ,2
2,ばぷ,2
14,ばへ,2
4,ばべ,2
1,ばぺ,2
15,ばほ,2
5,ばぼ,2
2,ばぽ,2
27,ばま,2
13,ばみ,2
24,ばむ,2
32,ばめ,2
22,ばも,2
71,ばや,2
2,ばゆ,2
60,ばよ,2
189,ばら,2
96,ばり,2
81,ばる,2
152,ばれ,2
12,ばろ,2
18,ばわ,2
118,ばを,2
933,ばん,2
338,ばー,2
1,ぱ、,2
1,ぱ。,2
8,ぱ〓,2
257,ぱい,2
7,ぱう,2
4,ぱか,2
4,ぱが,2
5,ぱき,2
57,ぱく,2
2,ぱぐ,2
1,ぱけ,2
5,ぱげ,2
3,ぱこ,2
2,ぱご,2
2,ぱさ,2
17,ぱし,2
4,ぱじ,2
86,ぱす,2
2,ぱず,2
2,ぱせ,2
1,ぱぜ,2
62,ぱそ,2
26,ぱた,2
2,ぱだ,2
9,ぱち,2
82,ぱっ,2
117,ぱつ,2
1,ぱづ,2
3,ぱて,2
7,ぱで,2
7,ぱと,2
45,ぱな,2
33,ぱに,2
28,ぱね,2
19,ぱの,2
2,ぱは,2
1,ぱば,2
7,ぱぱ,2
5,ぱひ,2
1,ぱび,2
2,ぱぴ,2
4,ぱふ,2
2,ぱぶ,2
2,ぱぷ,2
1,ぱへ,2
1,ぱべ,2
3,ぱま,2
27,ぱむ,2
4,ぱや,2
52,ぱら,2
91,ぱり,2
11,ぱる,2
9,ぱれ,2
4,ぱろ,2
20,ぱわ,2
5,ぱを,2
390,ぱん,2
191,ぱー,2
130,ひ、,2
12,ひ。,2
224,ひ〓,2
18,ひあ,2
35,ひい,2
4,ひう,2
1,ひぇ,2
15,ひえ,2
11,ひお,2
190,ひか,2
179,ひが,2
206,ひき,2
1,ひぎ,2
83,ひく,2
4,ひぐ,2
34,ひけ,2
21,ひげ,2
58,ひこ,2
88,ひご,2
80,ひさ,2
15,ひざ,2
84,ひし,2
153,ひじ,2
14,ひす,2
15,ひせ,2
19,ひぜ,2
20,ひそ,2
33,ひた,2
71,ひだ,2
4,ひち,2
130,ひっ,2
502,ひつ,2
26,ひづ,2
48,ひて,2
46,ひで,2
2050,ひと,2
37,ひど,2
75,ひな,2
98,ひに,2
4,ひね,2
109,ひの,2
122,ひは,2
11,ひば,2
16,ひひ,2
73,ひび,2
28,ひふ,2
8,ひぶ,2
1,ひぷ,2
2,ひへ,2
1,ひべ,2
8,ひほ,2
9,ひぼ,2
39,ひま,2
29,ひみ,2
1,ひむ,2
52,ひめ,2
22,ひも,2
66,ひゃ,2
33,ひや,2
11,ひゅ,2
6,ひゆ,2
826,ひょ,2
55,ひよ,2
171,ひら,2
16,ひり,2
50,ひる,2
9,ひれ,2
370,ひろ,2
7,ひわ,2
45,ひを,2
608,ひん,2
87,ひー,2
66,び、,2
10,び。,2
122,び〓,2
38,びあ,2
2,びぃ,2
44,びい,2
9,びう,2
15,びえ,2
20,びお,2
77,びか,2
69,びが,2
84,びき,2
2,びぎ,2
24,びく,2
3,びぐ,2
13,びけ,2
9,びげ,2
36,びこ,2
4,びご,2
56,びさ,2
2,びざ,2
129,びし,2
125,びじ,2
207,びす,2
4,びず,2
20,びせ,2
5,びぜ,2
11,びそ,2
34,びた,2
39,びだ,2
15,びち,2
83,びっ,2
18,びつ,2
1,びづ,2
22,びて,2
82,びで,2
161,びと,2
9,びど,2
40,びな,2
139,びに,2
2,びぬ,2
9,びね,2
100,びの,2
69,びは,2
10,びば,2
1,びぱ,2
22,びひ,2
9,びび,2
21,びふ,2
4,びぶ,2
1,びぷ,2
10,びへ,2
10,びほ,2
5,びぼ,2
4,びぽ,2
43,びま,2
24,びみ,2
2,びむ,2
2,びめ,2
59,びも,2
6,びゃ,2
32,びや,2
83,びゅ,2
184,びょ,2
6,びよ,2
23,びら,2
45,びり,2
37,びる,2
12,びれ,2
12,びろ,2
8,びわ,2
100,びを,2
88,びん,2
137,びー,2
3,ぴ、,2
8,ぴ〓,2
18,ぴあ,2
4,ぴい,2
2,ぴえ,2
1,ぴお,2
13,ぴか,2
4,ぴが,2
9,ぴき,2
2,ぴく,2
1,ぴけ,2
7,ぴこ,2
1,ぴご,2
3,ぴざ,2
1,ぴし,2
2,ぴじ,2
1,ぴせ,2
6,ぴそ,2
7,ぴた,2
2,ぴだ,2
5,ぴち,2
58,ぴっ,2
44,ぴつ,2
2,ぴて,2
8,ぴで,2
2,ぴと,2
4,ぴに,2
10,ぴの,2
7,ぴは,2
2,ぴふ,2
1,ぴほ,2
1,ぴめ,2
5,ぴも,2
6,ぴゃ,2
2,ぴや,2
94,ぴゅ,2
105,ぴょ,2
35,ぴら,2
24,ぴり,2
11,ぴる,2
2,ぴれ,2
3,ぴろ,2
5,ぴを,2
77,ぴん,2
124,ぴー,2
8,ふ、,2
6,ふ。,2
88,ふ〓,2
387,ふぁ,2
62,ふあ,2
160,ふぃ,2
19,ふい,2
2,ふぅ,2
173,ふう,2
135,ふぇ,2
114,ふえ,2
91,ふぉ,2
15,ふお,2
197,ふか,2
46,ふが,2
192,ふき,2
1,ふぎ,2
619,ふく,2
5,ふぐ,2
115,ふけ,2
2,ふげ,2
27,ふこ,2
6,ふご,2
53,ふさ,2
13,ふざ,2
133,ふし,2
105,ふじ,2
20,ふす,2
2,ふず,2
112,ふせ,2
8,ふぜ,2
20,ふそ,2
4,ふぞ,2
292,ふた,2
71,ふだ,2
19,ふち,2
131,ふっ,2
147,ふつ,2
28,ふて,2
25,ふで,2
410,ふと,2
48,ふど,2
24,ふな,2
47,ふに,2
48,ふね,2
84,ふの,2
37,ふは,2
25,ふば,2
2,ふぱ,2
4,ふひ,2
3,ふび,2
7,ふふ,2
8,ふぶ,2
1,ふへ,2
14,ふべ,2
9,ふほ,2
5,ふぼ,2
75,ふま,2
43,ふみ,2
7,ふむ,2
30,ふめ,2
12,ふも,2
40,ふや,2
4,ふゅ,2
43,ふゆ,2
39,ふよ,2
109,ふら,2
222,ふり,2
187,ふる,2
171,ふれ,2
33,ふろ,2
6,ふわ,2
31,ふを,2
142,ふん,2
16,ふー,2
21,ぶ、,2
36,ぶ。,2
99,ぶ〓,2
19,ぶあ,2
24,ぶい,2
10,ぶう,2
12,ぶえ,2
16,ぶお,2
112,ぶか,2
31,ぶが,2
61,ぶき,2
7,ぶぎ,2
27,ぶく,2
1,ぶぐ,2
5,ぶけ,2
36,ぶこ,2
2,ぶご,2
36,ぶさ,2
18,ぶざ,2
170,ぶし,2
50,ぶじ,2
32,ぶす,2
1,ぶず,2
6,ぶせ,2
1,ぶぜ,2
21,ぶそ,2
1,ぶぞ,2
52,ぶた,2
37,ぶだ,2
33,ぶち,2
214,ぶっ,2
332,ぶつ,2
7,ぶて,2
68,ぶで,2
46,ぶと,2
38,ぶど,2
28,ぶな,2
60,ぶに,2
27,ぶぬ,2
12,ぶね,2
142,ぶの,2
36,ぶは,2
4,ぶば,2
4,ぶぱ,2
28,ぶひ,2
1,ぶび,2
6,ぶふ,2
124,ぶぶ,2
1,ぶぷ,2
9,ぶへ,2
1,ぶべ,2
5,ぶほ,2
7,ぶま,2
25,ぶみ,2
2,ぶむ,2
3,ぶめ,2
30,ぶも,2
46,ぶや,2
17,ぶよ,2
193,ぶら,2
187,ぶり,2
248,ぶる,2
67,ぶれ,2
115,ぶろ,2
4,ぶわ,2
49,ぶを,2
2046,ぶん,2
23,ぶー,2
16,ぷ、,2
11,ぷ。,2
103,ぷ〓,2
8,ぷあ,2
5,ぷい,2
17,ぷう,2
5,ぷえ,2
4,ぷお,2
13,ぷか,2
44,ぷが,2
8,ぷき,2
14,ぷく,2
2,ぷぐ,2
10,ぷけ,2
11,ぷこ,2
2,ぷご,2
26,ぷさ,2
51,ぷし,2
5,ぷじ,2
23,ぷす,2
15,ぷせ,2
9,ぷぜ,2
4,ぷそ,2
5,ぷた,2
10,ぷだ,2
20,ぷち,2
1,ぷっ,2
1,ぷつ,2
19,ぷて,2
59,ぷで,2
128,ぷと,2
1,ぷど,2
12,ぷな,2
54,ぷに,2
1,ぷね,2
97,ぷの,2
28,ぷは,2
4,ぷひ,2
4,ぷふ,2
2,ぷぷ,2
11,ぷへ,2
2,ぷぺ,2
12,ぷま,2
9,ぷめ,2
9,ぷも,2
7,ぷや,2
1,ぷゆ,2
53,ぷよ,2
165,ぷら,2
160,ぷり,2
48,ぷる,2
132,ぷれ,2
338,ぷろ,2
61,ぷを,2
72,ぷん,2
17,ぷー,2
13,へ、,2
57,へ。,2
66,へ〓,2
10,へあ,2
406,へい,2
5,へう,2
10,へぇ,2
2,へえ,2
29,へお,2
17,へか,2
1,へが,2
28,へき,2
12,へく,2
1,へぐ,2
1,へげ,2
7,へこ,2
1,へご,2
2,へさ,2
11,へし,2
2,へじ,2
9,へす,2
2,へせ,2
1,へぜ,2
10,へそ,2
26,へた,2
3,へち,2
25,へっ,2
11,へつ,2
25,へて,2
14,へで,2
72,へと,2
4,へど,2
12,へな,2
2,へに,2
259,への,2
25,へは,2
1,へば,2
8,へひ,2
17,へび,2
2,へふ,2
7,へぶ,2
1,へぷ,2
2,へへ,2
3,へほ,2
4,へぼ,2
3,へま,2
3,へみ,2
16,へむ,2
3,へめ,2
11,へも,2
156,へや,2
3,へゆ,2
3,へよ,2
12,へら,2
6,へり,2
63,へる,2
5,へれ,2
1,へろ,2
4,へわ,2
808,へん,2
21,べ、,2
2,べ。,2
12,べ〓,2
3,べあ,2
111,べい,2
3,べう,2
2,べぇ,2
5,べえ,2
27,べお,2
11,べか,2
6,べが,2
210,べき,2
1,べぎ,2
33,べく,2
1,べけ,2
2,べこ,2
11,べさ,2
20,べし,2
1,べじ,2
28,べす,2
2,べず,2
3,べせ,2
2,べそ,2
96,べた,2
1,べだ,2
47,べっ,2
327,べつ,2
1,べづ,2
357,べて,2
5,べで,2
9,べと,2
1,べど,2
26,べな,2
29,べに,2
7,べの,2
4,べは,2
5,べば,2
1,べぱ,2
3,べひ,2
1,べふ,2
1,べべ,2
28,べま,2
2,べみ,2
1,べめ,2
16,べも,2
6,べや,2
13,べよ,2
40,べら,2
56,べり,2
267,べる,2
26,べれ,2
9,べろ,2
9,べを,2
293,べん,2
71,べー,2
2,ぺ〓,2
2,ぺあ,2
48,ぺい,2
1,ぺか,2
24,ぺき,2
6,ぺく,2
8,ぺけ,2
5,ぺこ,2
8,ぺし,2
14,ぺす,2
1,ぺた,2
3,ぺだ,2
12,ぺっ,2
4,ぺて,2
1,ぺで,2
16,ぺと,2
2,ぺな,2
3,ぺに,2
1,ぺの,2
1,ぺぱ,2
8,ぺら,2
2,ぺり,2
4,ぺる,2
6,ぺれ,2
4,ぺろ,2
81,ぺん,2
215,ぺー,2
7,ほ、,2
3,ほ。,2
18,ほ〓,2
13,ほあ,2
17,ほい,2
2442,ほう,2
7,ほえ,2
16,ほお,2
219,ほか,2
8,ほが,2
5,ほき,2
41,ほく,2
3,ほぐ,2
86,ほけ,2
67,ほこ,2
117,ほご,2
24,ほさ,2
346,ほし,2
112,ほじ,2
31,ほす,2
1,ほせ,2
3,ほぜ,2
39,ほそ,2
45,ほぞ,2
6,ほた,2
2,ほだ,2
5,ほち,2
99,ほっ,2
1,ほつ,2
73,ほて,2
8,ほで,2
173,ほと,2
381,ほど,2
8,ほな,2
7,ほに,2
11,ほね,2
17,ほの,2
6,ほは,2
2,ほば,2
1,ほひ,2
2,ほふ,2
2,ほへ,2
6,ほほ,2
48,ほぼ,2
3,ほま,2
2,ほみ,2
1,ほむ,2
26,ほめ,2
1,ほも,2
3,ほや,2
18,ほゆ,2
1,ほよ,2
25,ほら,2
61,ほり,2
11,ほる,2
6,ほれ,2
12,ほろ,2
9,ほわ,2
19,ほを,2
1788,ほん,2
91,ほー,2
5,ぼ、,2
2,ぼ。,2
9,ぼ〓,2
7,ぼあ,2
23,ぼい,2
661,ぼう,2
74,ぼえ,2
7,ぼお,2
15,ぼか,2
22,ぼが,2
5,ぼき,2
3,ぼぎ,2
387,ぼく,2
1,ぼぐ,2
15,ぼけ,2
2,ぼげ,2
7,ぼこ,2
1,ぼご,2
10,ぼさ,2
63,ぼし,2
5,ぼじ,2
23,ぼす,2
3,ぼせ,2
4,ぼぜ,2
9,ぼそ,2
28,ぼた,2
3,ぼだ,2
15,ぼち,2
131,ぼっ,2
18,ぼつ,2
33,ぼで,2
8,ぼと,2
5,ぼど,2
11,ぼな,2
14,ぼに,2
3,ぼね,2
20,ぼの,2
7,ぼは,2
1,ぼひ,2
1,ぼふ,2
2,ぼぶ,2
1,ぼへ,2
1,ぼほ,2
4,ぼま,2
2,ぼみ,2
1,ぼむ,2
4,ぼも,2
3,ぼや,2
1,ぼゆ,2
15,ぼら,2
37,ぼり,2
19,ぼる,2
11,ぼれ,2
16,ぼろ,2
2,ぼわ,2
6,ぼを,2
76,ぼん,2
112,ぼー,2
2,ぽ、,2
1,ぽ。,2
7,ぽ〓,2
16,ぽあ,2
180,ぽい,2
157,ぽう,2
11,ぽか,2
6,ぽが,2
1,ぽき,2
8,ぽく,2
2,ぽぐ,2
36,ぽけ,2
1,ぽこ,2
11,ぽさ,2
6,ぽし,2
29,ぽじ,2
30,ぽす,2
1,ぽぜ,2
26,ぽた,2
2,ぽだ,2
3,ぽち,2
27,ぽっ,2
13,ぽつ,2
6,ぽて,2
5,ぽで,2
7,ぽと,2
6,ぽど,2
4,ぽな,2
10,ぽに,2
1,ぽぬ,2
7,ぽの,2
2,ぽは,2
1,ぽひ,2
3,ぽぴ,2
2,ぽぶ,2
2,ぽぷ,2
2,ぽへ,2
1,ぽぽ,2
1,ぽみ,2
1,ぽも,2
2,ぽや,2
3,ぽら,2
179,ぽり,2
9,ぽる,2
7,ぽれ,2
15,ぽろ,2
1,ぽわ,2
6,ぽを,2
168,ぽん,2
166,ぽー,2
116,ま、,2
19,ま。,2
187,ま〓,2
29,まぁ,2
120,まあ,2
742,まい,2
315,まう,2
1,まぇ,2
882,まえ,2
39,まお,2
202,まか,2
168,まが,2
56,まき,2
21,まぎ,2
186,まく,2
38,まぐ,2
87,まけ,2
22,まげ,2
154,まこ,2
45,まご,2
244,まさ,2
143,まざ,2
1877,まし,2
246,まじ,2
3743,ます,2
217,まず,2
930,ませ,2
23,まぜ,2
11,まそ,2
4,まぞ,2
774,また,2
361,まだ,2
368,まち,2
3,まぢ,2
887,まっ,2
331,まつ,2
4,まづ,2
26,まて,2
1072,まで,2
249,まと,2
69,まど,2
252,まな,2
300,まに,2
16,まぬ,2
130,まね,2
340,まの,2
140,まは,2
6,まば,2
8,まぱ,2
31,まひ,2
5,まび,2
1,まぴ,2
15,まふ,2
11,まぶ,2
3,まぷ,2
12,まへ,2
11,まべ,2
1,まぺ,2
51,まほ,2
4,まぼ,2
302,まま,2
43,まみ,2
2,まむ,2
27,まめ,2
190,まも,2
49,まや,2
18,まゆ,2
36,まよ,2
102,まら,2
535,まり,2
296,まる,2
320,まれ,2
9,まろ,2
233,まわ,2
98,まを,2
543,まん,2
171,まー,2
123,み、,2
32,み。,2
149,み〓,2
207,みあ,2
56,みぃ,2
34,みい,2
40,みう,2
181,みえ,2
36,みお,2
126,みか,2
347,みが,2
67,みき,2
101,みぎ,2
22,みく,2
8,みぐ,2
21,みけ,2
1,みげ,2
131,みこ,2
23,みご,2
65,みさ,2
63,みし,2
81,みじ,2
102,みす,2
243,みず,2
227,みせ,2
8,みぜ,2
35,みそ,2
3,みぞ,2
463,みた,2
153,みだ,2
152,みち,2
28,みぢ,2
129,みっ,2
302,みつ,2
8,みづ,2
351,みて,2
165,みで,2
222,みと,2
30,みど,2
479,みな,2
340,みに,2
7,みぬ,2
15,みね,2
257,みの,2
154,みは,2
8,みば,2
4,みぱ,2
4,みひ,2
2,みび,2
34,みふ,2
18,みぶ,2
7,みへ,2
4,みべ,2
3,みぺ,2
21,みほ,2
187,みま,2
59,みみ,2
3,みむ,2
8,みめ,2
60,みも,2
17,みゃ,2
186,みや,2
66,みゅ,2
10,みゆ,2
75,みょ,2
46,みよ,2
109,みら,2
63,みり,2
281,みる,2
69,みれ,2
8,みろ,2
22,みわ,2
256,みを,2
518,みん,2
45,みー,2
61,む、,2
54,む。,2
214,む〓,2
9,むあ,2
96,むい,2
1,むぅ,2
4,むう,2
13,むえ,2
11,むお,2
326,むか,2
79,むが,2
102,むき,2
18,むぎ,2
28,むく,2
1,むぐ,2
163,むけ,2
22,むげ,2
109,むこ,2
6,むご,2
47,むさ,2
4,むざ,2
272,むし,2
53,むじ,2
154,むす,2
100,むず,2
29,むせ,2
2,むぜ,2
42,むそ,2
4,むぞ,2
53,むた,2
71,むだ,2
44,むち,2
27,むっ,2
9,むつ,2
15,むづ,2
7,むて,2
69,むで,2
90,むと,2
8,むど,2
37,むな,2
109,むに,2
71,むね,2
195,むの,2
80,むは,2
9,むば,2
28,むぱ,2
22,むひ,2
4,むび,2
1,むぴ,2
5,むふ,2
54,むぶ,2
1,むぷ,2
12,むへ,2
8,むべ,2
31,むぺ,2
20,むほ,2
5,むぼ,2
21,むま,2
2,むみ,2
12,むむ,2
20,むめ,2
24,むも,2
20,むや,2
2,むゆ,2
26,むよ,2
151,むら,2
114,むり,2
17,むる,2
15,むれ,2
24,むろ,2
14,むわ,2
130,むを,2
4,むん,2
20,むー,2
336,め、,2
25,め。,2
117,め〓,2
13,めあ,2
1300,めい,2
4,めう,2
5,めえ,2
15,めお,2
75,めか,2
107,めが,2
42,めき,2
3,めぎ,2
27,めく,2
75,めぐ,2
6,めけ,2
3,めげ,2
26,めこ,2
10,めご,2
37,めさ,2
84,めざ,2
167,めし,2
30,めじ,2
76,めす,2
32,めず,2
11,めせ,2
2,めぜ,2
31,めそ,2
2,めぞ,2
342,めた,2
112,めだ,2
22,めち,2
55,めっ,2
41,めつ,2
3,めづ,2
556,めて,2
145,めで,2
51,めと,2
12,めど,2
90,めな,2
563,めに,2
1,めぬ,2
3,めね,2
311,めの,2
65,めは,2
30,めば,2
4,めひ,2
1,めび,2
3,めふ,2
3,めぶ,2
2,めぷ,2
2,めへ,2
1,めべ,2
1,めぺ,2
4,めほ,2
5,めぼ,2
49,めま,2
5,めみ,2
6,めむ,2
88,めも,2
22,めや,2
3,めゆ,2
23,めよ,2
221,めら,2
133,めり,2
488,める,2
6,めれ,2
96,めろ,2
1,めわ,2
130,めを,2
752,めん,2
643,めー,2
1044,も、,2
52,も。,2
406,も〓,2
693,もあ,2
977,もい,2
1231,もう,2
119,もえ,2
5,もぉ,2
402,もお,2
416,もか,2
113,もが,2
153,もき,2
18,もぎ,2
366,もく,2
14,もぐ,2
47,もけ,2
18,もげ,2
207,もこ,2
31,もご,2
145,もさ,2
10,もざ,2
827,もし,2
313,もじ,2
140,もす,2
11,もず,2
74,もせ,2
26,もぜ,2
181,もそ,2
16,もぞ,2
276,もた,2
155,もだ,2
639,もち,2
916,もっ,2
256,もつ,2
126,もて,2
177,もで,2
771,もと,2
195,もど,2
433,もな,2
260,もに,2
5,もぬ,2
41,もね,2
2086,もの,2
195,もは,2
71,もば,2
5,もぱ,2
102,もひ,2
16,もび,2
6,もぴ,2
121,もふ,2
16,もぶ,2
5,もぷ,2
20,もへ,2
11,もべ,2
1,もぺ,2
44,もほ,2
10,もぼ,2
17,もぽ,2
129,もま,2
107,もみ,2
60,もむ,2
39,もめ,2
116,もも,2
94,もや,2
29,もゆ,2
241,もよ,2
283,もら,2
238,もり,2
45,もる,2
44,もれ,2
28,もろ,2
256,もわ,2
49,もを,2
1033,もん,2
66,もー,2
57,ゃ、,2
23,ゃ。,2
206,ゃ〓,2
5,ゃぁ,2
66,ゃあ,2
156,ゃい,2
37,ゃう,2
7,ゃえ,2
22,ゃお,2
257,ゃか,2
248,ゃが,2
10,ゃき,2
5,ゃぎ,2
788,ゃく,2
8,ゃぐ,2
27,ゃけ,2
15,ゃこ,2
4,ゃご,2
46,ゃさ,2
9,ゃざ,2
155,ゃし,2
29,ゃじ,2
38,ゃす,2
4,ゃず,2
30,ゃせ,2
7,ゃぜ,2
10,ゃそ,2
32,ゃた,2
27,ゃだ,2
67,ゃち,2
190,ゃっ,2
33,ゃつ,2
1,ゃづ,2
4,ゃて,2
79,ゃで,2
145,ゃと,2
18,ゃど,2
343,ゃな,2
246,ゃに,2
17,ゃね,2
414,ゃの,2
186,ゃは,2
11,ゃば,2
16,ゃぱ,2
16,ゃひ,2
1,ゃび,2
6,ゃふ,2
3,ゃぶ,2
10,ゃぷ,2
14,ゃへ,2
40,ゃべ,2
18,ゃほ,2
2,ゃぼ,2
2,ゃぽ,2
29,ゃま,2
4,ゃみ,2
28,ゃむ,2
15,ゃめ,2
54,ゃも,2
43,ゃや,2
1,ゃゆ,2
12,ゃよ,2
76,ゃら,2
60,ゃり,2
38,ゃる,2
39,ゃれ,2
3,ゃろ,2
26,ゃわ,2
113,ゃを,2
436,ゃん,2
135,ゃー,2
229,や、,2
13,や。,2
196,や〓,2
6,やぁ,2
53,やあ,2
162,やい,2
31,やう,2
1,やぇ,2
27,やえ,2
61,やお,2
235,やか,2
114,やが,2
177,やき,2
14,やぎ,2
1051,やく,2
3,やぐ,2
62,やけ,2
22,やげ,2
137,やこ,2
14,やご,2
188,やさ,2
30,やざ,2
266,やし,2
90,やじ,2
388,やす,2
5,やず,2
73,やせ,2
4,やぜ,2
35,やそ,2
7,やぞ,2
58,やた,2
25,やだ,2
96,やち,2
21,やぢ,2
446,やっ,2
77,やつ,2
23,やて,2
62,やで,2
69,やと,2
67,やど,2
52,やな,2
104,やに,2
1,やぬ,2
32,やね,2
110,やの,2
165,やは,2
45,やば,2
9,やぱ,2
25,やひ,2
14,やび,2
30,やふ,2
83,やぶ,2
6,やぷ,2
11,やへ,2
9,やべ,2
29,やほ,2
15,やぼ,2
8,やぽ,2
445,やま,2
56,やみ,2
24,やむ,2
183,やめ,2
41,やも,2
58,やや,2
26,やゆ,2
29,やよ,2
111,やら,2
152,やり,2
117,やる,2
33,やれ,2
53,やろ,2
37,やわ,2
37,やを,2
47,やん,2
41,やー,2
17,ゅ、,2
9,ゅ。,2
78,ゅ〓,2
51,ゅあ,2
13,ゅい,2
5998,ゅう,2
23,ゅえ,2
32,ゅお,2
21,ゅか,2
37,ゅが,2
14,ゅき,2
85,ゅぎ,2
168,ゅく,2
39,ゅけ,2
1,ゅげ,2
13,ゅこ,2
3,ゅご,2
35,ゅさ,2
21,ゅざ,2
144,ゅし,2
104,ゅじ,2
13,ゅす,2
14,ゅせ,2
4,ゅぜ,2
6,ゅそ,2
1,ゅぞ,2
42,ゅた,2
56,ゅだ,2
69,ゅち,2
218,ゅっ,2
529,ゅつ,2
5,ゅて,2
25,ゅで,2
121,ゅと,2
17,ゅど,2
40,ゅな,2
110,ゅに,2
1,ゅね,2
105,ゅの,2
44,ゅは,2
2,ゅば,2
7,ゅひ,2
8,ゅび,2
12,ゅふ,2
10,ゅぶ,2
4,ゅぷ,2
2,ゅへ,2
1,ゅべ,2
2,ゅぺ,2
51,ゅほ,2
11,ゅぼ,2
1,ゅま,2
53,ゅみ,2
70,ゅめ,2
20,ゅも,2
16,ゅや,2
54,ゅよ,2
26,ゅら,2
254,ゅり,2
71,ゅる,2
6,ゅれ,2
1,ゅろ,2
73,ゅわ,2
35,ゅを,2
596,ゅん,2
1,ゅヴ,2
438,ゅー,2
5,ゆ、,2
2,ゆ。,2
7,ゆ〓,2
3,ゆあ,2
22,ゆい,2
1039,ゆう,2
38,ゆえ,2
42,ゆか,2
13,ゆが,2
154,ゆき,2
29,ゆく,2
13,ゆけ,2
12,ゆげ,2
6,ゆこ,2
3,ゆさ,2
1,ゆざ,2
11,ゆし,2
2,ゆじ,2
5,ゆす,2
23,ゆず,2
6,ゆそ,2
46,ゆた,2
18,ゆだ,2
2,ゆち,2
38,ゆっ,2
1,ゆつ,2
26,ゆで,2
16,ゆと,2
1,ゆど,2
3,ゆな,2
29,ゆに,2
1,ゆね,2
24,ゆの,2
18,ゆは,2
1,ゆば,2
56,ゆび,2
3,ゆふ,2
2,ゆぶ,2
1,ゆほ,2
2,ゆま,2
24,ゆみ,2
50,ゆめ,2
6,ゆも,2
7,ゆや,2
17,ゆら,2
14,ゆり,2
170,ゆる,2
14,ゆれ,2
10,ゆを,2
138,ゆー,2
36,ょ、,2
46,ょ。,2
130,ょ〓,2
5,ょあ,2
133,ょい,2
15033,ょう,2
1,ょえ,2
21,ょお,2
121,ょか,2
90,ょが,2
80,ょき,2
71,ょぎ,2
1885,ょく,2
10,ょぐ,2
16,ょけ,2
12,ょげ,2
176,ょこ,2
3,ょご,2
314,ょさ,2
7,ょざ,2
253,ょし,2
81,ょじ,2
56,ょす,2
7,ょず,2
175,ょせ,2
6,ょぜ,2
23,ょそ,2
39,ょぞ,2
9,ょた,2
75,ょだ,2
44,ょち,2
384,ょっ,2
2,ょつ,2
51,ょて,2
84,ょで,2
63,ょと,2
10,ょど,2
44,ょな,2
269,ょに,2
15,ょね,2
194,ょの,2
128,ょは,2
82,ょば,2
16,ょひ,2
4,ょび,2
2,ょふ,2
54,ょぶ,2
2,ょぷ,2
6,ょへ,2
2,ょべ,2
27,ょほ,2
7,ょぼ,2
16,ょま,2
9,ょみ,2
2,ょむ,2
25,ょめ,2
32,ょも,2
16,ょや,2
41,ょゆ,2
21,ょよ,2
2,ょら,2
238,ょり,2
21,ょる,2
3,ょれ,2
11,ょろ,2
85,ょを,2
330,ょん,2
1,ょヴ,2
62,ょー,2
70,よ、,2
252,よ。,2
279,よ〓,2
12,よあ,2
484,よい,2
1,よぅ,2
5357,よう,2
1,よえ,2
4,よぉ,2
20,よお,2
100,よか,2
8,よが,2
26,よき,2
11,よぎ,2
474,よく,2
2,よぐ,2
23,よけ,2
3,よげ,2
104,よこ,2
17,よご,2
84,よさ,2
187,よし,2
10,よじ,2
13,よす,2
60,よせ,2
95,よそ,2
2,よぞ,2
18,よた,2
20,よだ,2
10,よち,2
328,よっ,2
14,よつ,2
103,よて,2
2,よで,2
16,よと,2
10,よど,2
53,よな,2
22,よに,2
151,よね,2
44,よの,2
19,よは,2
86,よば,2
246,よび,2
3,よふ,2
50,よぶ,2
9,よぷ,2
2,よへ,2
5,よべ,2
22,よほ,2
49,よぼ,2
2,よぽ,2
22,よま,2
148,よみ,2
43,よむ,2
38,よめ,2
2,よも,2
16,よや,2
22,よゆ,2
2,よよ,2
9,よら,2
699,より,2
327,よる,2
14,よれ,2
253,よろ,2
61,よわ,2
14,よを,2
233,よん,2
74,よー,2
1164,ら、,2
108,ら。,2
575,ら〓,2
3,らぁ,2
87,らあ,2
2026,らい,2
224,らう,2
178,らえ,2
155,らお,2
431,らか,2
177,らが,2
175,らき,2
33,らぎ,2
559,らく,2
36,らぐ,2
90,らけ,2
24,らげ,2
141,らこ,2
37,らご,2
180,らさ,2
18,らざ,2
767,らし,2
166,らじ,2
278,らす,2
257,らず,2
164,らせ,2
16,らぜ,2
133,らそ,2
16,らぞ,2
221,らた,2
227,らだ,2
90,らち,2
361,らっ,2
54,らつ,2
16,らづ,2
43,らて,2
249,らで,2
177,らと,2
63,らど,2
892,らな,2
384,らに,2
77,らぬ,2
83,らね,2
521,らの,2
351,らは,2
110,らば,2
18,らぱ,2
57,らひ,2
68,らび,2
6,らぴ,2
91,らふ,2
168,らぶ,2
4,らぷ,2
36,らへ,2
166,らべ,2
3,らぺ,2
39,らほ,2
14,らぼ,2
9,らぽ,2
144,らま,2
146,らみ,2
163,らむ,2
75,らめ,2
200,らも,2
74,らや,2
41,らゆ,2
44,らよ,2
16,らら,2
84,らり,2
30,らる,2
1121,られ,2
10,らろ,2
160,らわ,2
139,らを,2
680,らん,2
3,らヴ,2
157,らー,2
1281,り、,2
136,り。,2
436,り〓,2
510,りあ,2
10,りぃ,2
156,りい,2
68,りう,2
156,りえ,2
186,りお,2
697,りか,2
361,りが,2
170,りき,2
30,りぎ,2
207,りく,2
32,りぐ,2
56,りけ,2
20,りげ,2
198,りこ,2
25,りご,2
106,りさ,2
31,りざ,2
626,りし,2
150,りじ,2
414,りす,2
45,りず,2
47,りせ,2
6,りぜ,2
125,りそ,2
15,りぞ,2
222,りた,2
220,りだ,2
40,りち,2
1,りぢ,2
413,りっ,2
679,りつ,2
4,りづ,2
366,りて,2
312,りで,2
384,りと,2
35,りど,2
250,りな,2
554,りに,2
31,りぬ,2
38,りね,2
534,りの,2
270,りは,2
59,りば,2
4,りぱ,2
154,りひ,2
26,りび,2
5,りぴ,2
95,りふ,2
17,りぶ,2
20,りぷ,2
12,りへ,2
28,りべ,2
8,りぺ,2
39,りほ,2
22,りぼ,2
15,りぽ,2
1662,りま,2
34,りみ,2
40,りむ,2
26,りめ,2
275,りも,2
175,りゃ,2
135,りや,2
501,りゅ,2
147,りゆ,2
1915,りょ,2
352,りよ,2
25,りら,2
64,りり,2
36,りる,2
28,りれ,2
18,りろ,2
50,りわ,2
330,りを,2
345,りん,2
2,りヴ,2
587,りー,2
222,る、,2
3469,る。,2
1362,る〓,2
1,るぁ,2
152,るあ,2
776,るい,2
2,るぅ,2
103,るう,2
66,るえ,2
196,るお,2
1154,るか,2
523,るが,2
291,るき,2
120,るぎ,2
240,るく,2
63,るぐ,2
239,るけ,2
46,るげ,2
1846,るこ,2
47,るご,2
284,るさ,2
13,るざ,2
559,るし,2
294,るじ,2
195,るす,2
11,るず,2
148,るせ,2
41,るぜ,2
117,るそ,2
21,るぞ,2
468,るた,2
327,るだ,2
177,るち,2
76,るっ,2
55,るつ,2
4,るづ,2
106,るて,2
320,るで,2
2217,ると,2
134,るど,2
381,るな,2
437,るに,2
19,るぬ,2
50,るね,2
1942,るの,2
358,るは,2
242,るば,2
26,るぱ,2
440,るひ,2
37,るび,2
4,るぴ,2
177,るふ,2
86,るぶ,2
24,るぷ,2
29,るへ,2
147,るべ,2
12,るぺ,2
210,るほ,2
61,るぼ,2
21,るぽ,2
375,るま,2
94,るみ,2
17,るむ,2
73,るめ,2
412,るも,2
98,るや,2
34,るゆ,2
778,るよ,2
91,るら,2
80,るり,2
5,るる,2
32,るれ,2
17,るろ,2
213,るわ,2
297,るを,2
282,るん,2
3,るヴ,2
279,るー,2
300,れ、,2
54,れ。,2
142,れ〓,2
22,れあ,2
800,れい,2
1,れう,2
8,れえ,2
17,れお,2
283,れか,2
496,れが,2
127,れき,2
21,れぎ,2
45,れく,2
27,れぐ,2
3,れけ,2
1,れげ,2
95,れこ,2
1,れご,2
26,れさ,2
119,れし,2
87,れじ,2
228,れす,2
50,れず,2
7,れせ,2
26,れぜ,2
35,れそ,2
91,れぞ,2
1237,れた,2
170,れだ,2
29,れち,2
115,れっ,2
156,れつ,2
1,れづ,2
1644,れて,2
320,れで,2
108,れと,2
156,れど,2
572,れな,2
348,れに,2
7,れぬ,2
4,れね,2
276,れの,2
672,れは,2
1012,れば,2
3,れぱ,2
9,れひ,2
146,れび,2
59,れふ,2
9,れぶ,2
2,れぷ,2
2,れへ,2
79,れべ,2
34,れほ,2
3,れぼ,2
13,れぽ,2
566,れま,2
14,れみ,2
1,れむ,2
12,れめ,2
262,れも,2
24,れや,2
9,れゆ,2
64,れよ,2
254,れら,2
4,れり,2
1449,れる,2
36,れれ,2
47,れわ,2
356,れを,2
856,れん,2
1,れヴ,2
341,れー,2
151,ろ、,2
54,ろ。,2
169,ろ〓,2
41,ろあ,2
385,ろい,2
1087,ろう,2
26,ろえ,2
10,ろお,2
145,ろか,2
251,ろが,2
46,ろき,2
8,ろぎ,2
451,ろく,2
197,ろぐ,2
19,ろけ,2
45,ろげ,2
129,ろこ,2
24,ろご,2
65,ろさ,2
17,ろざ,2
296,ろし,2
51,ろじ,2
156,ろす,2
65,ろず,2
35,ろせ,2
4,ろぜ,2
48,ろそ,2
3,ろぞ,2
11,ろた,2
60,ろだ,2
7,ろち,2
146,ろっ,2
5,ろつ,2
13,ろづ,2
6,ろて,2
238,ろで,2
105,ろと,2
14,ろど,2
88,ろな,2
205,ろに,2
2,ろぬ,2
6,ろね,2
216,ろの,2
106,ろは,2
38,ろば,2
1,ろぱ,2
6,ろひ,2
12,ろび,2
5,ろぴ,2
28,ろふ,2
5,ろぶ,2
5,ろぷ,2
18,ろへ,2
2,ろぺ,2
14,ろほ,2
34,ろぼ,2
1,ろぽ,2
50,ろま,2
39,ろみ,2
3,ろむ,2
20,ろめ,2
64,ろも,2
36,ろや,2
8,ろゆ,2
35,ろよ,2
8,ろら,2
21,ろり,2
2,ろる,2
14,ろれ,2
7,ろろ,2
15,ろわ,2
115,ろを,2
583,ろん,2
248,ろー,2
16,わ、,2
20,わ。,2
91,わ〓,2
3,わぁ,2
7,わあ,2
325,わい,2
28,わう,2
79,わえ,2
582,わお,2
690,わか,2
99,わが,2
37,わき,2
34,わぎ,2
226,わく,2
7,わぐ,2
478,わけ,2
6,わげ,2
10,わこ,2
6,わご,2
109,わさ,2
67,わざ,2
198,わし,2
29,わじ,2
167,わす,2
88,わず,2
365,わせ,2
3,わそ,2
1,わぞ,2
744,わた,2
267,わだ,2
41,わち,2
268,わっ,2
3,わつ,2
25,わて,2
34,わで,2
36,わと,2
2,わど,2
184,わな,2
97,わに,2
10,わぬ,2
8,わね,2
124,わの,2
43,わは,2
25,わば,2
4,わひ,2
33,わび,2
5,わふ,2
3,わぶ,2
14,わへ,2
1,わぼ,2
23,わま,2
1,わみ,2
10,わむ,2
55,わめ,2
22,わも,2
14,わや,2
69,わゆ,2
15,わよ,2
597,わら,2
514,わり,2
335,わる,2
828,われ,2
7,わろ,2
34,わわ,2
82,わを,2
68,わん,2
249,わー,2
183,を、,2
20,を。,2
318,を〓,2
486,をあ,2
504,をい,2
464,をう,2
164,をえ,2
898,をお,2
1145,をか,2
56,をが,2
452,をき,2
39,をぎ,2
342,をく,2
17,をぐ,2
192,をけ,2
25,をげ,2
423,をこ,2
57,をご,2
480,をさ,2
6,をざ,2
1126,をし,2
268,をじ,2
386,をす,2
17,をず,2
220,をせ,2
43,をぜ,2
207,をそ,2
16,をぞ,2
481,をた,2
175,をだ,2
197,をち,2
1,をっ,2
844,をつ,2
200,をて,2
39,をで,2
462,をと,2
138,をど,2
193,をな,2
107,をに,2
55,をぬ,2
53,をね,2
194,をの,2
569,をは,2
37,をば,2
10,をぱ,2
322,をひ,2
6,をび,2
9,をぴ,2
343,をふ,2
38,をぶ,2
11,をぷ,2
76,をへ,2
14,をべ,2
1,をぺ,2
147,をほ,2
27,をぼ,2
12,をぽ,2
262,をま,2
589,をみ,2
106,をむ,2
173,をめ,2
607,をも,2
190,をや,2
110,をゆ,2
244,をよ,2
11,をら,2
128,をり,2
3,をる,2
33,をれ,2
9,をろ,2
111,をわ,2
1,をを,2
1,をヴ,2
885,ん、,2
834,ん。,2
2808,ん〓,2
189,んあ,2
748,んい,2
58,んう,2
332,んえ,2
333,んお,2
2443,んか,2
2916,んが,2
1332,んき,2
293,んぎ,2
294,んく,2
611,んぐ,2
829,んけ,2
470,んげ,2
1118,んこ,2
647,んご,2
1023,んさ,2
504,んざ,2
3632,んし,2
2071,んじ,2
879,んす,2
73,んず,2
1300,んせ,2
362,んぜ,2
401,んそ,2
177,んぞ,2
1268,んた,2
2121,んだ,2
671,んち,2
1,んぢ,2
75,んっ,2
141,んつ,2
21,んづ,2
1116,んて,2
3055,んで,2
2711,んと,2
1016,んど,2
1759,んな,2
2549,んに,2
19,んぬ,2
299,んね,2
3448,んの,2
1482,んは,2
590,んば,2
390,んぱ,2
104,んひ,2
195,んび,2
183,んぴ,2
111,んふ,2
424,んぶ,2
271,んぷ,2
159,んへ,2
45,んべ,2
67,んぺ,2
228,んほ,2
132,んぼ,2
178,んぽ,2
409,んま,2
134,んみ,2
43,んむ,2
360,んめ,2
552,んも,2
461,んや,2
73,んゆ,2
311,んよ,2
334,んら,2
854,んり,2
116,んる,2
249,んれ,2
104,んろ,2
271,んわ,2
2043,んを,2
1,んん,2
3,んー,2
4,ヴ〓,2
46,ヴぁ,2
8,ヴぃ,2
7,ヴぇ,2
1,ヴぉ,2
1,ヴさ,2
2,ヴで,2
1,ヴに,2
5,ヴの,2
3,ヴは,2
1,ヴろ,2
4,ヴを,2
96,ー、,2
75,ー。,2
508,ー〓,2
32,ーあ,2
35,ーい,2
22,ーう,2
8,ーえ,2
54,ーお,2
328,ーか,2
250,ーが,2
107,ーき,2
4,ーぎ,2
261,ーく,2
88,ーぐ,2
31,ーけ,2
21,ーげ,2
33,ーこ,2
6,ーご,2
160,ーさ,2
116,ーざ,2
231,ーし,2
532,ーじ,2
536,ーす,2
164,ーず,2
56,ーせ,2
11,ーぜ,2
41,ーそ,2
1,ーぞ,2
418,ーた,2
115,ーだ,2
99,ーち,2
29,ーっ,2
101,ーつ,2
87,ーて,2
211,ーで,2
654,ーと,2
631,ーど,2
192,ーな,2
273,ーに,2
10,ーぬ,2
124,ーね,2
446,ーの,2
203,ーは,2
121,ーば,2
67,ーぱ,2
79,ーひ,2
219,ーび,2
3,ーぴ,2
66,ーふ,2
97,ーぶ,2
164,ーぷ,2
19,ーへ,2
38,ーべ,2
3,ーぺ,2
21,ーほ,2
40,ーぼ,2
26,ーぽ,2
121,ーま,2
16,ーみ,2
501,ーむ,2
73,ーめ,2
56,ーも,2
48,ーや,2
3,ーゆ,2
24,ーよ,2
96,ーら,2
72,ーり,2
968,ーる,2
32,ーれ,2
53,ーろ,2
53,ーわ,2
264,ーを,2
216,ーん,2
10,ーヴ,2
31,ーー,2
