"。。","536"
"。〓","17301"
"〓。","17301"
"。あ","1592"
"あ。","1592"
"。い","4852"
"い。","4852"
"。う","2526"
"う。","2526"
"。え","627"
"え。","627"
"。お","1459"
"お。","1459"
"。か","2642"
"か。","2642"
"。が","2815"
"が。","2815"
"。き","1545"
"き。","1545"
"。ぎ","274"
"ぎ。","274"
"。く","1176"
"く。","1176"
"。ぐ","114"
"ぐ。","114"
"。け","613"
"け。","613"
"。げ","337"
"げ。","337"
"。こ","3011"
"こ。","3011"
"。ご","338"
"ご。","338"
"。さ","957"
"さ。","957"
"。ざ","74"
"ざ。","74"
"。し","3527"
"し。","3527"
"。じ","1494"
"じ。","1494"
"。す","4955"
"す。","4955"
"。ず","375"
"ず。","375"
"。せ","722"
"せ。","722"
"。ぜ","263"
"ぜ。","263"
"。そ","2773"
"そ。","2773"
"。ぞ","89"
"ぞ。","89"
"。た","5579"
"た。","5579"
"。だ","1835"
"だ。","1835"
"。ち","912"
"ち。","912"
"。っ","69"
"っ。","69"
"。つ","783"
"つ。","783"
"。て","2520"
"て。","2520"
"。で","2431"
"で。","2431"
"。と","2823"
"と。","2823"
"。ど","1358"
"ど。","1358"
"。な","1130"
"な。","1130"
"。に","1713"
"に。","1713"
"。ぬ","55"
"ぬ。","55"
"。ね","909"
"ね。","909"
"。の","375"
"の。","375"
"。は","4381"
"は。","4381"
"。ば","778"
"ば。","778"
"。ぱ","80"
"ぱ。","80"
"。ひ","752"
"ひ。","752"
"。び","165"
"び。","165"
"。ぴ","21"
"ぴ。","21"
"。ふ","549"
"ふ。","549"
"。ぶ","219"
"ぶ。","219"
"。ぷ","132"
"ぷ。","132"
"。へ","189"
"へ。","189"
"。べ","146"
"べ。","146"
"。ぺ","25"
"ぺ。","25"
"。ほ","590"
"ほ。","590"
"。ぼ","247"
"ぼ。","247"
"。ぽ","116"
"ぽ。","116"
"。ま","1247"
"ま。","1247"
"。み","616"
"み。","616"
"。む","302"
"む。","302"
"。め","647"
"め。","647"
"。も","1690"
"も。","1690"
"。や","582"
"や。","582"
"。ゆ","209"
"ゆ。","209"
"。よ","824"
"よ。","824"
"。ら","1396"
"ら。","1396"
"。り","1696"
"り。","1696"
"。る","3718"
"る。","3718"
"。れ","489"
"れ。","489"
"。ろ","297"
"ろ。","297"
"。わ","596"
"わ。","596"
"。を","217"
"を。","217"
"。ん","1722"
"ん。","1722"
"。ヴ","2"
"ヴ。","2"
"〓〓","17602"
"〓あ","1377"
"あ〓","1377"
"〓い","4106"
"い〓","4106"
"〓う","2642"
"う〓","2642"
"〓ぇ","48"
"ぇ〓","48"
"〓え","674"
"え〓","674"
"〓ぉ","42"
"ぉ〓","42"
"〓お","1248"
"お〓","1248"
"〓か","2818"
"か〓","2818"
"〓が","1536"
"が〓","1536"
"〓き","2078"
"き〓","2078"
"〓ぎ","286"
"ぎ〓","286"
"〓く","1491"
"く〓","1491"
"〓ぐ","274"
"ぐ〓","274"
"〓け","608"
"け〓","608"
"〓げ","237"
"げ〓","237"
"〓こ","2132"
"こ〓","2132"
"〓ご","272"
"ご〓","272"
"〓さ","1294"
"さ〓","1294"
"〓ざ","85"
"ざ〓","85"
"〓し","2402"
"し〓","2402"
"〓じ","1608"
"じ〓","1608"
"〓す","1187"
"す〓","1187"
"〓ず","217"
"ず〓","217"
"〓せ","719"
"せ〓","719"
"〓ぜ","211"
"ぜ〓","211"
"〓そ","1354"
"そ〓","1354"
"〓ぞ","59"
"ぞ〓","59"
"〓た","1832"
"た〓","1832"
"〓だ","1011"
"だ〓","1011"
"〓ち","1046"
"ち〓","1046"
"〓っ","265"
"っ〓","265"
"〓つ","1625"
"つ〓","1625"
"〓て","903"
"て〓","903"
"〓で","1566"
"で〓","1566"
"〓と","5100"
"と〓","5100"
"〓ど","945"
"ど〓","945"
"〓な","1302"
"な〓","1302"
"〓に","1766"
"に〓","1766"
"〓ぬ","46"
"ぬ〓","46"
"〓ね","1009"
"ね〓","1009"
"〓の","2906"
"の〓","2906"
"〓は","2468"
"は〓","2468"
"〓ば","471"
"ば〓","471"
"〓ぱ","125"
"ぱ〓","125"
"〓ひ","1526"
"ひ〓","1526"
"〓び","233"
"び〓","233"
"〓ぴ","42"
"ぴ〓","42"
"〓ふ","606"
"ふ〓","606"
"〓ぶ","453"
"ぶ〓","453"
"〓ぷ","239"
"ぷ〓","239"
"〓へ","367"
"へ〓","367"
"〓べ","86"
"べ〓","86"
"〓ぺ","76"
"ぺ〓","76"
"〓ほ","518"
"ほ〓","518"
"〓ぼ","190"
"ぼ〓","190"
"〓ぽ","126"
"ぽ〓","126"
"〓ま","1148"
"ま〓","1148"
"〓み","506"
"み〓","506"
"〓む","349"
"む〓","349"
"〓め","427"
"め〓","427"
"〓も","964"
"も〓","964"
"〓や","618"
"や〓","618"
"〓ゆ","167"
"ゆ〓","167"
"〓ょ","132"
"ょ〓","132"
"〓よ","726"
"よ〓","726"
"〓ら","774"
"ら〓","774"
"〓り","652"
"り〓","652"
"〓る","1417"
"る〓","1417"
"〓れ","344"
"れ〓","344"
"〓ろ","263"
"ろ〓","263"
"〓わ","836"
"わ〓","836"
"〓を","1161"
"を〓","1161"
"〓ん","2851"
"ん〓","2851"
"〓ヴ","23"
"ヴ〓","23"
"〓ー","510"
"ー〓","510"
"ぁ。","95"
"。ぁ","95"
"ぁ〓","93"
"〓ぁ","93"
"ぁぁ","6"
"ぁあ","8"
"あぁ","8"
"ぁい","128"
"いぁ","128"
"ぁお","2"
"おぁ","2"
"ぁき","2"
"きぁ","2"
"ぁく","11"
"くぁ","11"
"ぁけ","1"
"けぁ","1"
"ぁこ","1"
"こぁ","1"
"ぁざ","1"
"ざぁ","1"
"ぁし","2"
"しぁ","2"
"ぁじ","2"
"じぁ","2"
"ぁす","4"
"すぁ","4"
"ぁぜ","2"
"ぜぁ","2"
"ぁそ","1"
"そぁ","1"
"ぁた","5"
"たぁ","5"
"ぁだ","10"
"だぁ","10"
"ぁっ","18"
"っぁ","18"
"ぁて","2"
"てぁ","2"
"ぁで","2"
"でぁ","2"
"ぁと","18"
"とぁ","18"
"ぁな","142"
"なぁ","142"
"ぁに","5"
"にぁ","5"
"ぁぬ","5"
"ぬぁ","5"
"ぁぶ","1"
"ぶぁ","1"
"ぁべ","7"
"べぁ","7"
"ぁみ","39"
"みぁ","39"
"ぁめ","3"
"めぁ","3"
"ぁや","7"
"やぁ","7"
"ぁよ","1"
"よぁ","1"
"ぁら","19"
"らぁ","19"
"ぁり","19"
"りぁ","19"
"ぁる","4"
"るぁ","4"
"ぁれ","24"
"れぁ","24"
"ぁろ","9"
"ろぁ","9"
"ぁん","123"
"んぁ","123"
"ぁー","34"
"ーぁ","34"
"ああ","194"
"あい","1911"
"いあ","1911"
"あう","278"
"うあ","278"
"あえ","171"
"えあ","171"
"あお","146"
"おあ","146"
"あか","365"
"かあ","365"
"あが","1848"
"があ","1848"
"あき","421"
"きあ","421"
"あぎ","31"
"ぎあ","31"
"あく","461"
"くあ","461"
"あぐ","48"
"ぐあ","48"
"あけ","131"
"けあ","131"
"あげ","655"
"げあ","655"
"あこ","79"
"こあ","79"
"あご","48"
"ごあ","48"
"あさ","311"
"さあ","311"
"あざ","23"
"ざあ","23"
"あし","825"
"しあ","825"
"あじ","278"
"じあ","278"
"あす","72"
"すあ","72"
"あず","43"
"ずあ","43"
"あせ","51"
"せあ","51"
"あぜ","12"
"ぜあ","12"
"あそ","134"
"そあ","134"
"あぞ","3"
"ぞあ","3"
"あた","834"
"たあ","834"
"あだ","79"
"だあ","79"
"あち","149"
"ちあ","149"
"あっ","972"
"っあ","972"
"あつ","455"
"つあ","455"
"あづ","1"
"づあ","1"
"あて","382"
"てあ","382"
"あで","1995"
"であ","1995"
"あと","471"
"とあ","471"
"あど","170"
"どあ","170"
"あな","373"
"なあ","373"
"あに","1030"
"にあ","1030"
"あね","33"
"ねあ","33"
"あの","1084"
"のあ","1084"
"あは","696"
"はあ","696"
"あば","539"
"ばあ","539"
"あぱ","16"
"ぱあ","16"
"あひ","33"
"ひあ","33"
"あび","60"
"びあ","60"
"あぴ","31"
"ぴあ","31"
"あふ","141"
"ふあ","141"
"あぶ","53"
"ぶあ","53"
"あぷ","72"
"ぷあ","72"
"あへ","16"
"へあ","16"
"あべ","39"
"べあ","39"
"あぺ","3"
"ぺあ","3"
"あほ","32"
"ほあ","32"
"あぼ","12"
"ぼあ","12"
"あぽ","17"
"ぽあ","17"
"あま","414"
"まあ","414"
"あみ","228"
"みあ","228"
"あむ","29"
"むあ","29"
"あめ","174"
"めあ","174"
"あも","707"
"もあ","707"
"あや","116"
"やあ","116"
"あゆ","13"
"ゆあ","13"
"あよ","17"
"よあ","17"
"あら","461"
"らあ","461"
"あり","1769"
"りあ","1769"
"ある","3358"
"るあ","3358"
"あれ","380"
"れあ","380"
"あろ","111"
"ろあ","111"
"あわ","281"
"わあ","281"
"あを","540"
"をあ","540"
"あん","960"
"んあ","960"
"あヴ","4"
"ヴあ","4"
"あー","152"
"ーあ","152"
"ぃ。","13"
"。ぃ","13"
"ぃ〓","90"
"〓ぃ","90"
"ぃあ","79"
"あぃ","79"
"ぃぃ","4"
"ぃい","17"
"いぃ","17"
"ぃう","69"
"うぃ","69"
"ぃお","14"
"おぃ","14"
"ぃか","14"
"かぃ","14"
"ぃが","30"
"がぃ","30"
"ぃき","6"
"きぃ","6"
"ぃぎ","20"
"ぎぃ","20"
"ぃく","6"
"くぃ","6"
"ぃぐ","7"
"ぐぃ","7"
"ぃけ","2"
"けぃ","2"
"ぃこ","11"
"こぃ","11"
"ぃさ","10"
"さぃ","10"
"ぃざ","3"
"ざぃ","3"
"ぃし","28"
"しぃ","28"
"ぃじ","8"
"じぃ","8"
"ぃす","100"
"すぃ","100"
"ぃず","25"
"ずぃ","25"
"ぃせ","10"
"せぃ","10"
"ぃそ","3"
"そぃ","3"
"ぃぞ","3"
"ぞぃ","3"
"ぃた","54"
"たぃ","54"
"ぃだ","4"
"だぃ","4"
"ぃち","17"
"ちぃ","17"
"ぃっ","25"
"っぃ","25"
"ぃて","545"
"てぃ","545"
"ぃで","326"
"でぃ","326"
"ぃと","11"
"とぃ","11"
"ぃど","1"
"どぃ","1"
"ぃな","22"
"なぃ","22"
"ぃに","42"
"にぃ","42"
"ぃね","29"
"ねぃ","29"
"ぃの","56"
"のぃ","56"
"ぃは","46"
"はぃ","46"
"ぃば","3"
"ばぃ","3"
"ぃぱ","1"
"ぱぃ","1"
"ぃふ","163"
"ふぃ","163"
"ぃぶ","19"
"ぶぃ","19"
"ぃへ","1"
"へぃ","1"
"ぃほ","10"
"ほぃ","10"
"ぃぼ","1"
"ぼぃ","1"
"ぃぽ","20"
"ぽぃ","20"
"ぃま","6"
"まぃ","6"
"ぃみ","72"
"みぃ","72"
"ぃも","9"
"もぃ","9"
"ぃや","4"
"やぃ","4"
"ぃよ","11"
"よぃ","11"
"ぃら","9"
"らぃ","9"
"ぃり","17"
"りぃ","17"
"ぃる","32"
"るぃ","32"
"ぃれ","10"
"れぃ","10"
"ぃろ","3"
"ろぃ","3"
"ぃを","23"
"をぃ","23"
"ぃん","97"
"んぃ","97"
"ぃー","117"
"ーぃ","117"
"いい","2954"
"いう","5147"
"うい","5147"
"いえ","1427"
"えい","1427"
"いお","1554"
"おい","1554"
"いか","7999"
"かい","7999"
"いが","4129"
"がい","4129"
"いき","2158"
"きい","2158"
"いぎ","384"
"ぎい","384"
"いく","1601"
"くい","1601"
"いぐ","169"
"ぐい","169"
"いけ","3331"
"けい","3331"
"いげ","268"
"げい","268"
"いこ","1385"
"こい","1385"
"いご","430"
"ごい","430"
"いさ","4807"
"さい","4807"
"いざ","1645"
"ざい","1645"
"いし","5013"
"しい","5013"
"いじ","1539"
"じい","1539"
"いす","1508"
"すい","1508"
"いず","414"
"ずい","414"
"いせ","5737"
"せい","5737"
"いぜ","378"
"ぜい","378"
"いそ","397"
"そい","397"
"いぞ","245"
"ぞい","245"
"いた","7621"
"たい","7621"
"いだ","3658"
"だい","3658"
"いち","1947"
"ちい","1947"
"いっ","1920"
"っい","1920"
"いつ","1592"
"つい","1592"
"いづ","116"
"づい","116"
"いて","9940"
"てい","9940"
"いで","2420"
"でい","2420"
"いと","6069"
"とい","6069"
"いど","699"
"どい","699"
"いな","7019"
"ない","7019"
"いに","2796"
"にい","2796"
"いぬ","75"
"ぬい","75"
"いね","234"
"ねい","234"
"いの","4158"
"のい","4158"
"いは","3246"
"はい","3246"
"いば","1184"
"ばい","1184"
"いぱ","275"
"ぱい","275"
"いひ","588"
"ひい","588"
"いび","167"
"びい","167"
"いぴ","8"
"ぴい","8"
"いふ","453"
"ふい","453"
"いぶ","480"
"ぶい","480"
"いぷ","124"
"ぷい","124"
"いへ","641"
"へい","641"
"いべ","221"
"べい","221"
"いぺ","60"
"ぺい","60"
"いほ","303"
"ほい","303"
"いぼ","100"
"ぼい","100"
"いぽ","190"
"ぽい","190"
"いま","3189"
"まい","3189"
"いみ","351"
"みい","351"
"いむ","218"
"むい","218"
"いめ","1581"
"めい","1581"
"いも","1763"
"もい","1763"
"いや","782"
"やい","782"
"いゆ","93"
"ゆい","93"
"いよ","1368"
"よい","1368"
"いら","2424"
"らい","2424"
"いり","806"
"りい","806"
"いる","4158"
"るい","4158"
"いれ","1272"
"れい","1272"
"いろ","985"
"ろい","985"
"いわ","1047"
"わい","1047"
"いを","1877"
"をい","1877"
"いん","2838"
"んい","2838"
"いヴ","12"
"ヴい","12"
"いー","93"
"ーい","93"
"ぅ。","1"
"。ぅ","1"
"ぅ〓","7"
"〓ぅ","7"
"ぅぃ","4"
"ぃぅ","4"
"ぅぅ","4"
"ぅか","1"
"かぅ","1"
"ぅが","2"
"がぅ","2"
"ぅっ","3"
"っぅ","3"
"ぅと","17"
"とぅ","17"
"ぅに","2"
"にぅ","2"
"ぅは","4"
"はぅ","4"
"ぅー","9"
"ーぅ","9"
"うぅ","1"
"ぅう","1"
"うう","172"
"うぇ","147"
"ぇう","147"
"うえ","745"
"えう","745"
"うぉ","17"
"ぉう","17"
"うお","1128"
"おう","1128"
"うか","3034"
"かう","3034"
"うが","2176"
"がう","2176"
"うき","1770"
"きう","1770"
"うぎ","633"
"ぎう","633"
"うく","339"
"くう","339"
"うぐ","166"
"ぐう","166"
"うけ","1019"
"けう","1019"
"うげ","310"
"げう","310"
"うこ","6990"
"こう","6990"
"うご","1263"
"ごう","1263"
"うさ","1193"
"さう","1193"
"うざ","155"
"ざう","155"
"うし","5094"
"しう","5094"
"うじ","2059"
"じう","2059"
"うす","1682"
"すう","1682"
"うず","121"
"ずう","121"
"うせ","1328"
"せう","1328"
"うぜ","157"
"ぜう","157"
"うそ","3045"
"そう","3045"
"うぞ","712"
"ぞう","712"
"うた","736"
"たう","736"
"うだ","928"
"だう","928"
"うち","1276"
"ちう","1276"
"うっ","128"
"っう","128"
"うつ","1058"
"つう","1058"
"うづ","14"
"づう","14"
"うて","584"
"てう","584"
"うで","1921"
"でう","1921"
"うと","4780"
"とう","4780"
"うど","3395"
"どう","3395"
"うな","2077"
"なう","2077"
"うに","3514"
"にう","3514"
"うぬ","5"
"ぬう","5"
"うね","225"
"ねう","225"
"うの","4246"
"のう","4246"
"うは","1533"
"はう","1533"
"うば","262"
"ばう","262"
"うぱ","23"
"ぱう","23"
"うひ","512"
"ひう","512"
"うび","143"
"びう","143"
"うぴ","3"
"ぴう","3"
"うふ","501"
"ふう","501"
"うぶ","471"
"ぶう","471"
"うぷ","42"
"ぷう","42"
"うへ","221"
"へう","221"
"うべ","76"
"べう","76"
"うぺ","4"
"ぺう","4"
"うほ","3566"
"ほう","3566"
"うぼ","796"
"ぼう","796"
"うぽ","165"
"ぽう","165"
"うま","787"
"まう","787"
"うみ","341"
"みう","341"
"うむ","183"
"むう","183"
"うめ","369"
"めう","369"
"うも","1964"
"もう","1964"
"うや","511"
"やう","511"
"うゆ","1120"
"ゆう","1120"
"うよ","5942"
"よう","5942"
"うら","540"
"らう","540"
"うり","1294"
"りう","1294"
"うる","187"
"るう","187"
"うれ","315"
"れう","315"
"うろ","1361"
"ろう","1361"
"うわ","390"
"わう","390"
"うを","2061"
"をう","2061"
"うん","656"
"んう","656"
"うヴ","2"
"ヴう","2"
"うー","56"
"ーう","56"
"ぇ。","25"
"。ぇ","25"
"ぇあ","93"
"あぇ","93"
"ぇい","38"
"いぇ","38"
"ぇえ","4"
"えぇ","4"
"ぇお","3"
"おぇ","3"
"ぇか","2"
"かぇ","2"
"ぇく","32"
"くぇ","32"
"ぇこ","6"
"こぇ","6"
"ぇす","25"
"すぇ","25"
"ぇそ","1"
"そぇ","1"
"ぇぞ","1"
"ぞぇ","1"
"ぇっ","129"
"っぇ","129"
"ぇで","5"
"でぇ","5"
"ぇと","3"
"とぇ","3"
"ぇな","3"
"なぇ","3"
"ぇに","44"
"にぇ","44"
"ぇね","39"
"ねぇ","39"
"ぇの","12"
"のぇ","12"
"ぇは","2"
"はぇ","2"
"ぇぱ","1"
"ぱぇ","1"
"ぇふ","144"
"ふぇ","144"
"ぇぶ","27"
"ぶぇ","27"
"ぇほ","1"
"ほぇ","1"
"ぇぽ","1"
"ぽぇ","1"
"ぇむ","2"
"むぇ","2"
"ぇも","2"
"もぇ","2"
"ぇや","3"
"やぇ","3"
"ぇよ","2"
"よぇ","2"
"ぇら","5"
"らぇ","5"
"ぇり","65"
"りぇ","65"
"ぇる","148"
"るぇ","148"
"ぇろ","2"
"ろぇ","2"
"ぇを","1"
"をぇ","1"
"ぇん","19"
"んぇ","19"
"ぇー","50"
"ーぇ","50"
"ええ","84"
"えお","65"
"おえ","65"
"えか","831"
"かえ","831"
"えが","878"
"がえ","878"
"えき","406"
"きえ","406"
"えぎ","12"
"ぎえ","12"
"えく","226"
"くえ","226"
"えぐ","16"
"ぐえ","16"
"えけ","11"
"けえ","11"
"えげ","13"
"げえ","13"
"えこ","360"
"こえ","360"
"えご","39"
"ごえ","39"
"えさ","261"
"さえ","261"
"えざ","8"
"ざえ","8"
"えし","305"
"しえ","305"
"えじ","118"
"じえ","118"
"えす","130"
"すえ","130"
"えず","84"
"ずえ","84"
"えせ","19"
"せえ","19"
"えそ","23"
"そえ","23"
"えぞ","22"
"ぞえ","22"
"えた","754"
"たえ","754"
"えだ","98"
"だえ","98"
"えち","127"
"ちえ","127"
"えっ","160"
"っえ","160"
"えつ","163"
"つえ","163"
"えて","725"
"てえ","725"
"えで","288"
"でえ","288"
"えと","310"
"とえ","310"
"えど","51"
"どえ","51"
"えな","415"
"なえ","415"
"えに","445"
"にえ","445"
"えぬ","6"
"ぬえ","6"
"えね","171"
"ねえ","171"
"えの","641"
"のえ","641"
"えは","194"
"はえ","194"
"えば","403"
"ばえ","403"
"えひ","29"
"ひえ","29"
"えび","28"
"びえ","28"
"えぴ","9"
"ぴえ","9"
"えふ","124"
"ふえ","124"
"えぶ","46"
"ぶえ","46"
"えぷ","16"
"ぷえ","16"
"えへ","14"
"へえ","14"
"えべ","8"
"べえ","8"
"えほ","16"
"ほえ","16"
"えぼ","77"
"ぼえ","77"
"えぽ","1"
"ぽえ","1"
"えま","1046"
"まえ","1046"
"えみ","207"
"みえ","207"
"えむ","39"
"むえ","39"
"えめ","23"
"めえ","23"
"えも","222"
"もえ","222"
"えや","50"
"やえ","50"
"えゆ","40"
"ゆえ","40"
"えよ","45"
"よえ","45"
"えら","489"
"らえ","489"
"えり","242"
"りえ","242"
"える","847"
"るえ","847"
"えれ","57"
"れえ","57"
"えろ","59"
"ろえ","59"
"えわ","83"
"わえ","83"
"えを","394"
"をえ","394"
"えん","1621"
"んえ","1621"
"えー","46"
"ーえ","46"
"ぉ。","8"
"。ぉ","8"
"ぉあ","2"
"あぉ","2"
"ぉぃ","3"
"ぃぉ","3"
"ぉい","4"
"いぉ","4"
"ぉぉ","6"
"ぉか","3"
"かぉ","3"
"ぉっ","1"
"っぉ","1"
"ぉで","1"
"でぉ","1"
"ぉと","3"
"とぉ","3"
"ぉの","1"
"のぉ","1"
"ぉま","1"
"まぉ","1"
"ぉめ","1"
"めぉ","1"
"ぉら","5"
"らぉ","5"
"ぉり","3"
"りぉ","3"
"ぉる","22"
"るぉ","22"
"ぉれ","6"
"れぉ","6"
"ぉろ","2"
"ろぉ","2"
"ぉん","16"
"んぉ","16"
"ぉー","55"
"ーぉ","55"
"おぉ","8"
"ぉお","8"
"おお","2854"
"おか","767"
"かお","767"
"おが","799"
"がお","799"
"おき","955"
"きお","955"
"おぎ","30"
"ぎお","30"
"おく","1026"
"くお","1026"
"おぐ","17"
"ぐお","17"
"おけ","184"
"けお","184"
"おげ","32"
"げお","32"
"おこ","874"
"こお","874"
"おご","59"
"ごお","59"
"おさ","360"
"さお","360"
"おざ","10"
"ざお","10"
"おし","543"
"しお","543"
"おじ","154"
"じお","154"
"おす","175"
"すお","175"
"おず","48"
"ずお","48"
"おせ","52"
"せお","52"
"おぜ","6"
"ぜお","6"
"おそ","198"
"そお","198"
"おぞ","24"
"ぞお","24"
"おた","270"
"たお","270"
"おだ","59"
"だお","59"
"おち","246"
"ちお","246"
"おっ","143"
"っお","143"
"おつ","157"
"つお","157"
"おづ","2"
"づお","2"
"おて","913"
"てお","913"
"おで","429"
"でお","429"
"おと","2271"
"とお","2271"
"おど","197"
"どお","197"
"おな","818"
"なお","818"
"おに","1174"
"にお","1174"
"おね","157"
"ねお","157"
"おの","920"
"のお","920"
"おは","675"
"はお","675"
"おば","72"
"ばお","72"
"おぱ","8"
"ぱお","8"
"おひ","53"
"ひお","53"
"おび","61"
"びお","61"
"おぴ","4"
"ぴお","4"
"おふ","76"
"ふお","76"
"おぶ","37"
"ぶお","37"
"おぷ","23"
"ぷお","23"
"おへ","56"
"へお","56"
"おべ","31"
"べお","31"
"おぺ","4"
"ぺお","4"
"おほ","18"
"ほお","18"
"おぼ","91"
"ぼお","91"
"おま","214"
"まお","214"
"おみ","114"
"みお","114"
"おむ","35"
"むお","35"
"おめ","74"
"めお","74"
"おも","2138"
"もお","2138"
"おや","347"
"やお","347"
"おゆ","26"
"ゆお","26"
"およ","333"
"よお","333"
"おら","213"
"らお","213"
"おり","879"
"りお","879"
"おる","262"
"るお","262"
"おれ","371"
"れお","371"
"おろ","68"
"ろお","68"
"おわ","772"
"わお","772"
"おを","1002"
"をお","1002"
"おん","1837"
"んお","1837"
"おー","227"
"ーお","227"
"かぁ","16"
"ぁか","16"
"かか","1318"
"かが","1105"
"がか","1105"
"かき","859"
"きか","859"
"かぎ","295"
"ぎか","295"
"かく","2546"
"くか","2546"
"かぐ","43"
"ぐか","43"
"かけ","524"
"けか","524"
"かげ","148"
"げか","148"
"かこ","372"
"こか","372"
"かご","173"
"ごか","173"
"かさ","593"
"さか","593"
"かざ","112"
"ざか","112"
"かし","2807"
"しか","2807"
"かじ","715"
"じか","715"
"かす","842"
"すか","842"
"かず","480"
"ずか","480"
"かせ","560"
"せか","560"
"かぜ","119"
"ぜか","119"
"かそ","113"
"そか","113"
"かぞ","117"
"ぞか","117"
"かた","2604"
"たか","2604"
"かだ","618"
"だか","618"
"かち","650"
"ちか","650"
"かっ","2702"
"っか","2702"
"かつ","1831"
"つか","1831"
"かづ","75"
"づか","75"
"かて","616"
"てか","616"
"かで","879"
"でか","879"
"かと","1784"
"とか","1784"
"かど","338"
"どか","338"
"かな","3052"
"なか","3052"
"かに","2257"
"にか","2257"
"かぬ","32"
"ぬか","32"
"かね","142"
"ねか","142"
"かの","3156"
"のか","3156"
"かは","946"
"はか","946"
"かば","353"
"ばか","353"
"かぱ","13"
"ぱか","13"
"かひ","235"
"ひか","235"
"かび","134"
"びか","134"
"かぴ","19"
"ぴか","19"
"かふ","250"
"ふか","250"
"かぶ","322"
"ぶか","322"
"かぷ","27"
"ぷか","27"
"かへ","49"
"へか","49"
"かべ","71"
"べか","71"
"かぺ","2"
"ぺか","2"
"かほ","246"
"ほか","246"
"かぼ","28"
"ぼか","28"
"かぽ","13"
"ぽか","13"
"かま","406"
"まか","406"
"かみ","397"
"みか","397"
"かむ","383"
"むか","383"
"かめ","241"
"めか","241"
"かも","966"
"もか","966"
"かや","310"
"やか","310"
"かゆ","63"
"ゆか","63"
"かよ","198"
"よか","198"
"から","4335"
"らか","4335"
"かり","1467"
"りか","1467"
"かる","1523"
"るか","1523"
"かれ","890"
"れか","890"
"かろ","204"
"ろか","204"
"かわ","1528"
"わか","1528"
"かを","1501"
"をか","1501"
"かん","7518"
"んか","7518"
"かヴ","7"
"ヴか","7"
"かー","925"
"ーか","925"
"がが","104"
"がき","1002"
"きが","1002"
"がぎ","98"
"ぎが","98"
"がく","1617"
"くが","1617"
"がぐ","41"
"ぐが","41"
"がけ","226"
"けが","226"
"がげ","99"
"げが","99"
"がこ","508"
"こが","508"
"がご","79"
"ごが","79"
"がさ","490"
"さが","490"
"がざ","21"
"ざが","21"
"がし","1100"
"しが","1100"
"がじ","452"
"じが","452"
"がす","1563"
"すが","1563"
"がず","98"
"ずが","98"
"がせ","207"
"せが","207"
"がぜ","49"
"ぜが","49"
"がそ","283"
"そが","283"
"がぞ","70"
"ぞが","70"
"がた","1669"
"たが","1669"
"がだ","520"
"だが","520"
"がち","931"
"ちが","931"
"がっ","691"
"っが","691"
"がつ","809"
"つが","809"
"がて","328"
"てが","328"
"がで","678"
"でが","678"
"がと","1738"
"とが","1738"
"がど","360"
"どが","360"
"がな","1541"
"なが","1541"
"がに","332"
"にが","332"
"がぬ","27"
"ぬが","27"
"がね","299"
"ねが","299"
"がの","1093"
"のが","1093"
"がは","505"
"はが","505"
"がば","97"
"ばが","97"
"がぱ","15"
"ぱが","15"
"がひ","534"
"ひが","534"
"がび","85"
"びが","85"
"がぴ","19"
"ぴが","19"
"がふ","281"
"ふが","281"
"がぶ","70"
"ぶが","70"
"がぷ","61"
"ぷが","61"
"がへ","48"
"へが","48"
"がべ","30"
"べが","30"
"がぺ","4"
"ぺが","4"
"がほ","148"
"ほが","148"
"がぼ","47"
"ぼが","47"
"がぽ","26"
"ぽが","26"
"がま","377"
"まが","377"
"がみ","647"
"みが","647"
"がむ","147"
"むが","147"
"がめ","297"
"めが","297"
"がも","294"
"もが","294"
"がや","257"
"やが","257"
"がゆ","75"
"ゆが","75"
"がよ","223"
"よが","223"
"がら","735"
"らが","735"
"がり","539"
"りが","539"
"がる","645"
"るが","645"
"がれ","641"
"れが","641"
"がろ","263"
"ろが","263"
"がわ","623"
"わが","623"
"がを","91"
"をが","91"
"がん","3208"
"んが","3208"
"がー","293"
"ーが","293"
"きぇ","1"
"ぇき","1"
"きき","508"
"きぎ","223"
"ぎき","223"
"きく","418"
"くき","418"
"きぐ","43"
"ぐき","43"
"きけ","153"
"けき","153"
"きげ","336"
"げき","336"
"きこ","239"
"こき","239"
"きご","221"
"ごき","221"
"きさ","589"
"さき","589"
"きざ","104"
"ざき","104"
"きし","1527"
"しき","1527"
"きじ","529"
"じき","529"
"きす","456"
"すき","456"
"きず","233"
"ずき","233"
"きせ","1038"
"せき","1038"
"きぜ","24"
"ぜき","24"
"きそ","160"
"そき","160"
"きぞ","44"
"ぞき","44"
"きた","1352"
"たき","1352"
"きだ","444"
"だき","444"
"きち","242"
"ちき","242"
"きっ","885"
"っき","885"
"きつ","1216"
"つき","1216"
"きづ","204"
"づき","204"
"きて","3173"
"てき","3173"
"きで","2095"
"でき","2095"
"きと","1485"
"とき","1485"
"きど","360"
"どき","360"
"きな","1588"
"なき","1588"
"きに","2238"
"にき","2238"
"きぬ","51"
"ぬき","51"
"きね","60"
"ねき","60"
"きの","1884"
"のき","1884"
"きは","823"
"はき","823"
"きば","105"
"ばき","105"
"きぱ","7"
"ぱき","7"
"きひ","272"
"ひき","272"
"きび","148"
"びき","148"
"きふ","232"
"ふき","232"
"きぶ","113"
"ぶき","113"
"きぷ","13"
"ぷき","13"
"きへ","54"
"へき","54"
"きべ","221"
"べき","221"
"きぺ","27"
"ぺき","27"
"きほ","208"
"ほき","208"
"きぼ","82"
"ぼき","82"
"きぽ","4"
"ぽき","4"
"きま","814"
"まき","814"
"きみ","237"
"みき","237"
"きむ","183"
"むき","183"
"きめ","193"
"めき","193"
"きも","441"
"もき","441"
"きゃ","447"
"ゃき","447"
"きや","384"
"やき","384"
"きゅ","1434"
"ゅき","1434"
"きゆ","172"
"ゆき","172"
"きょ","3523"
"ょき","3523"
"きよ","181"
"よき","181"
"きら","350"
"らき","350"
"きり","456"
"りき","456"
"きる","1062"
"るき","1062"
"きれ","300"
"れき","300"
"きろ","186"
"ろき","186"
"きわ","135"
"わき","135"
"きを","1000"
"をき","1000"
"きん","2601"
"んき","2601"
"きー","280"
"ーき","280"
"ぎく","113"
"くぎ","113"
"ぎぐ","7"
"ぐぎ","7"
"ぎけ","12"
"けぎ","12"
"ぎこ","42"
"こぎ","42"
"ぎご","9"
"ごぎ","9"
"ぎさ","136"
"さぎ","136"
"ぎざ","9"
"ざぎ","9"
"ぎし","162"
"しぎ","162"
"ぎじ","257"
"じぎ","257"
"ぎす","275"
"すぎ","275"
"ぎず","17"
"ずぎ","17"
"ぎせ","47"
"せぎ","47"
"ぎぜ","6"
"ぜぎ","6"
"ぎそ","34"
"そぎ","34"
"ぎぞ","1"
"ぞぎ","1"
"ぎた","88"
"たぎ","88"
"ぎだ","28"
"だぎ","28"
"ぎち","34"
"ちぎ","34"
"ぎっ","31"
"っぎ","31"
"ぎつ","408"
"つぎ","408"
"ぎづ","2"
"づぎ","2"
"ぎて","86"
"てぎ","86"
"ぎで","79"
"でぎ","79"
"ぎと","104"
"とぎ","104"
"ぎど","14"
"どぎ","14"
"ぎな","133"
"なぎ","133"
"ぎに","182"
"にぎ","182"
"ぎぬ","18"
"ぬぎ","18"
"ぎね","19"
"ねぎ","19"
"ぎの","423"
"のぎ","423"
"ぎは","123"
"はぎ","123"
"ぎば","10"
"ばぎ","10"
"ぎひ","10"
"ひぎ","10"
"ぎび","4"
"びぎ","4"
"ぎふ","19"
"ふぎ","19"
"ぎぶ","14"
"ぶぎ","14"
"ぎぷ","1"
"ぷぎ","1"
"ぎへ","13"
"へぎ","13"
"ぎほ","10"
"ほぎ","10"
"ぎぼ","11"
"ぼぎ","11"
"ぎま","51"
"まぎ","51"
"ぎみ","112"
"みぎ","112"
"ぎむ","59"
"むぎ","59"
"ぎめ","6"
"めぎ","6"
"ぎも","86"
"もぎ","86"
"ぎゃ","160"
"ゃぎ","160"
"ぎや","40"
"やぎ","40"
"ぎゅ","145"
"ゅぎ","145"
"ぎゆ","1"
"ゆぎ","1"
"ぎょ","1282"
"ょぎ","1282"
"ぎよ","24"
"よぎ","24"
"ぎら","90"
"らぎ","90"
"ぎり","218"
"りぎ","218"
"ぎる","215"
"るぎ","215"
"ぎれ","120"
"れぎ","120"
"ぎろ","115"
"ろぎ","115"
"ぎわ","88"
"わぎ","88"
"ぎを","130"
"をぎ","130"
"ぎん","442"
"んぎ","442"
"ぎー","44"
"ーぎ","44"
"くぅ","1"
"ぅく","1"
"くぉ","11"
"ぉく","11"
"くく","158"
"くぐ","25"
"ぐく","25"
"くけ","279"
"けく","279"
"くげ","93"
"げく","93"
"くこ","1369"
"こく","1369"
"くご","455"
"ごく","455"
"くさ","2272"
"さく","2272"
"くざ","162"
"ざく","162"
"くし","2555"
"しく","2555"
"くじ","535"
"じく","535"
"くす","1154"
"すく","1154"
"くず","44"
"ずく","44"
"くせ","797"
"せく","797"
"くぜ","61"
"ぜく","61"
"くそ","774"
"そく","774"
"くぞ","649"
"ぞく","649"
"くた","1131"
"たく","1131"
"くだ","876"
"だく","876"
"くち","619"
"ちく","619"
"くっ","1418"
"っく","1418"
"くつ","865"
"つく","865"
"くづ","164"
"づく","164"
"くて","1720"
"てく","1720"
"くで","623"
"でく","623"
"くと","1552"
"とく","1552"
"くど","526"
"どく","526"
"くな","2378"
"なく","2378"
"くに","1644"
"にく","1644"
"くぬ","15"
"ぬく","15"
"くね","137"
"ねく","137"
"くの","1563"
"のく","1563"
"くは","910"
"はく","910"
"くば","301"
"ばく","301"
"くぱ","67"
"ぱく","67"
"くひ","379"
"ひく","379"
"くび","88"
"びく","88"
"くぴ","8"
"ぴく","8"
"くふ","731"
"ふく","731"
"くぶ","242"
"ぶく","242"
"くぷ","30"
"ぷく","30"
"くへ","67"
"へく","67"
"くべ","144"
"べく","144"
"くぺ","8"
"ぺく","8"
"くほ","200"
"ほく","200"
"くぼ","429"
"ぼく","429"
"くぽ","27"
"ぽく","27"
"くま","401"
"まく","401"
"くみ","407"
"みく","407"
"くむ","129"
"むく","129"
"くめ","200"
"めく","200"
"くも","623"
"もく","623"
"くや","1222"
"やく","1222"
"くゆ","59"
"ゆく","59"
"くよ","655"
"よく","655"
"くら","1411"
"らく","1411"
"くり","1127"
"りく","1127"
"くる","806"
"るく","806"
"くれ","596"
"れく","596"
"くろ","691"
"ろく","691"
"くわ","614"
"わく","614"
"くを","1213"
"をく","1213"
"くん","542"
"んく","542"
"くー","302"
"ーく","302"
"ぐぅ","1"
"ぅぐ","1"
"ぐぐ","10"
"ぐけ","3"
"けぐ","3"
"ぐげ","26"
"げぐ","26"
"ぐこ","22"
"こぐ","22"
"ぐご","2"
"ごぐ","2"
"ぐさ","44"
"さぐ","44"
"ぐざ","1"
"ざぐ","1"
"ぐし","91"
"しぐ","91"
"ぐじ","21"
"じぐ","21"
"ぐす","189"
"すぐ","189"
"ぐず","13"
"ずぐ","13"
"ぐせ","45"
"せぐ","45"
"ぐぜ","3"
"ぜぐ","3"
"ぐそ","14"
"そぐ","14"
"ぐぞ","2"
"ぞぐ","2"
"ぐた","136"
"たぐ","136"
"ぐだ","24"
"だぐ","24"
"ぐち","93"
"ちぐ","93"
"ぐっ","116"
"っぐ","116"
"ぐつ","25"
"つぐ","25"
"ぐて","24"
"てぐ","24"
"ぐで","38"
"でぐ","38"
"ぐと","46"
"とぐ","46"
"ぐど","17"
"どぐ","17"
"ぐな","97"
"なぐ","97"
"ぐに","153"
"にぐ","153"
"ぐね","6"
"ねぐ","6"
"ぐの","89"
"のぐ","89"
"ぐは","50"
"はぐ","50"
"ぐば","13"
"ばぐ","13"
"ぐひ","10"
"ひぐ","10"
"ぐび","13"
"びぐ","13"
"ぐふ","13"
"ふぐ","13"
"ぐぶ","3"
"ぶぐ","3"
"ぐべ","1"
"べぐ","1"
"ぐぺ","1"
"ぺぐ","1"
"ぐほ","8"
"ほぐ","8"
"ぐぼ","7"
"ぼぐ","7"
"ぐぽ","6"
"ぽぐ","6"
"ぐま","55"
"まぐ","55"
"ぐみ","133"
"みぐ","133"
"ぐむ","5"
"むぐ","5"
"ぐめ","78"
"めぐ","78"
"ぐも","43"
"もぐ","43"
"ぐや","22"
"やぐ","22"
"ぐゆ","4"
"ゆぐ","4"
"ぐよ","5"
"よぐ","5"
"ぐら","352"
"らぐ","352"
"ぐり","116"
"りぐ","116"
"ぐる","315"
"るぐ","315"
"ぐれ","93"
"れぐ","93"
"ぐろ","222"
"ろぐ","222"
"ぐわ","9"
"わぐ","9"
"ぐを","78"
"をぐ","78"
"ぐん","727"
"んぐ","727"
"ぐー","108"
"ーぐ","108"
"けぇ","1"
"ぇけ","1"
"けけ","10"
"けげ","2"
"げけ","2"
"けこ","32"
"こけ","32"
"けご","43"
"ごけ","43"
"けさ","142"
"さけ","142"
"けざ","9"
"ざけ","9"
"けし","242"
"しけ","242"
"けじ","276"
"じけ","276"
"けす","243"
"すけ","243"
"けず","61"
"ずけ","61"
"けせ","32"
"せけ","32"
"けぜ","3"
"ぜけ","3"
"けそ","9"
"そけ","9"
"けた","606"
"たけ","606"
"けだ","1178"
"だけ","1178"
"けち","78"
"ちけ","78"
"けっ","1086"
"っけ","1086"
"けつ","911"
"つけ","911"
"けづ","288"
"づけ","288"
"けて","578"
"てけ","578"
"けで","685"
"でけ","685"
"けと","268"
"とけ","268"
"けど","623"
"どけ","623"
"けな","587"
"なけ","587"
"けに","300"
"にけ","300"
"けぬ","79"
"ぬけ","79"
"けね","22"
"ねけ","22"
"けの","707"
"のけ","707"
"けは","205"
"はけ","205"
"けば","98"
"ばけ","98"
"けぱ","6"
"ぱけ","6"
"けひ","47"
"ひけ","47"
"けび","25"
"びけ","25"
"けふ","124"
"ふけ","124"
"けぶ","19"
"ぶけ","19"
"けべ","10"
"べけ","10"
"けぺ","10"
"ぺけ","10"
"けほ","87"
"ほけ","87"
"けぼ","22"
"ぼけ","22"
"けぽ","39"
"ぽけ","39"
"けま","201"
"まけ","201"
"けみ","32"
"みけ","32"
"けむ","174"
"むけ","174"
"けめ","16"
"めけ","16"
"けも","91"
"もけ","91"
"けや","86"
"やけ","86"
"けゆ","16"
"ゆけ","16"
"けよ","53"
"よけ","53"
"けら","212"
"らけ","212"
"けり","64"
"りけ","64"
"ける","796"
"るけ","796"
"けれ","424"
"れけ","424"
"けろ","25"
"ろけ","25"
"けわ","483"
"わけ","483"
"けを","273"
"をけ","273"
"けん","3566"
"んけ","3566"
"けー","393"
"ーけ","393"
"げぇ","4"
"ぇげ","4"
"げげ","2"
"げこ","10"
"こげ","10"
"げご","6"
"ごげ","6"
"げさ","73"
"さげ","73"
"げざ","1"
"ざげ","1"
"げし","112"
"しげ","112"
"げじ","20"
"じげ","20"
"げす","46"
"すげ","46"
"げず","4"
"ずげ","4"
"げせ","9"
"せげ","9"
"げぜ","2"
"ぜげ","2"
"げそ","4"
"そげ","4"
"げた","144"
"たげ","144"
"げだ","17"
"だげ","17"
"げち","20"
"ちげ","20"
"げっ","46"
"っげ","46"
"げつ","369"
"つげ","369"
"げて","145"
"てげ","145"
"げで","51"
"でげ","51"
"げと","73"
"とげ","73"
"げな","134"
"なげ","134"
"げに","142"
"にげ","142"
"げの","247"
"のげ","247"
"げは","123"
"はげ","123"
"げば","13"
"ばげ","13"
"げひ","24"
"ひげ","24"
"げふ","3"
"ふげ","3"
"げぶ","1"
"ぶげ","1"
"げべ","1"
"べげ","1"
"げぺ","1"
"ぺげ","1"
"げほ","86"
"ほげ","86"
"げぼ","4"
"ぼげ","4"
"げま","261"
"まげ","261"
"げみ","5"
"みげ","5"
"げむ","25"
"むげ","25"
"げめ","5"
"めげ","5"
"げも","21"
"もげ","21"
"げや","26"
"やげ","26"
"げよ","14"
"よげ","14"
"げら","83"
"らげ","83"
"げり","30"
"りげ","30"
"げる","212"
"るげ","212"
"げれ","10"
"れげ","10"
"げろ","50"
"ろげ","50"
"げを","80"
"をげ","80"
"げん","2486"
"んげ","2486"
"げー","274"
"ーげ","274"
"ここ","1110"
"こご","47"
"ごこ","47"
"こさ","116"
"さこ","116"
"こざ","4"
"ざこ","4"
"こし","664"
"しこ","664"
"こじ","389"
"じこ","389"
"こす","482"
"すこ","482"
"こず","41"
"ずこ","41"
"こせ","46"
"せこ","46"
"こぜ","13"
"ぜこ","13"
"こそ","556"
"そこ","556"
"こぞ","13"
"ぞこ","13"
"こた","850"
"たこ","850"
"こだ","113"
"だこ","113"
"こち","207"
"ちこ","207"
"こぢ","1"
"ぢこ","1"
"こっ","1107"
"っこ","1107"
"こつ","183"
"つこ","183"
"こづ","8"
"づこ","8"
"こて","347"
"てこ","347"
"こで","564"
"でこ","564"
"こと","5935"
"とこ","5935"
"こど","676"
"どこ","676"
"こな","1111"
"なこ","1111"
"こに","730"
"にこ","730"
"こぬ","11"
"ぬこ","11"
"こね","40"
"ねこ","40"
"この","3796"
"のこ","3796"
"こは","736"
"はこ","736"
"こば","136"
"ばこ","136"
"こひ","87"
"ひこ","87"
"こび","107"
"びこ","107"
"こぴ","49"
"ぴこ","49"
"こふ","47"
"ふこ","47"
"こぶ","88"
"ぶこ","88"
"こぷ","12"
"ぷこ","12"
"こへ","32"
"へこ","32"
"こべ","25"
"べこ","25"
"こほ","70"
"ほこ","70"
"こぼ","13"
"ぼこ","13"
"こぽ","5"
"ぽこ","5"
"こま","426"
"まこ","426"
"こみ","397"
"みこ","397"
"こむ","205"
"むこ","205"
"こめ","172"
"めこ","172"
"こも","340"
"もこ","340"
"こや","171"
"やこ","171"
"こゆ","23"
"ゆこ","23"
"こよ","154"
"よこ","154"
"こら","278"
"らこ","278"
"こり","283"
"りこ","283"
"こる","1915"
"るこ","1915"
"これ","1312"
"れこ","1312"
"ころ","1312"
"ろこ","1312"
"こわ","66"
"わこ","66"
"こを","515"
"をこ","515"
"こん","2734"
"んこ","2734"
"こー","343"
"ーこ","343"
"ごご","94"
"ごさ","68"
"さご","68"
"ござ","205"
"ざご","205"
"ごし","487"
"しご","487"
"ごじ","96"
"じご","96"
"ごす","274"
"すご","274"
"ごせ","30"
"せご","30"
"ごぜ","20"
"ぜご","20"
"ごそ","30"
"そご","30"
"ごぞ","36"
"ぞご","36"
"ごた","39"
"たご","39"
"ごだ","23"
"だご","23"
"ごち","84"
"ちご","84"
"ごっ","16"
"っご","16"
"ごつ","100"
"つご","100"
"ごて","65"
"てご","65"
"ごで","148"
"でご","148"
"ごと","419"
"とご","419"
"ごど","62"
"どご","62"
"ごな","60"
"なご","60"
"ごに","260"
"にご","260"
"ごね","14"
"ねご","14"
"ごの","373"
"のご","373"
"ごは","195"
"はご","195"
"ごば","15"
"ばご","15"
"ごひ","108"
"ひご","108"
"ごび","7"
"びご","7"
"ごふ","30"
"ふご","30"
"ごぶ","15"
"ぶご","15"
"ごぷ","10"
"ぷご","10"
"ごへ","13"
"へご","13"
"ごべ","5"
"べご","5"
"ごぺ","1"
"ぺご","1"
"ごほ","130"
"ほご","130"
"ごぼ","2"
"ぼご","2"
"ごま","83"
"まご","83"
"ごみ","79"
"みご","79"
"ごむ","23"
"むご","23"
"ごめ","74"
"めご","74"
"ごも","75"
"もご","75"
"ごや","47"
"やご","47"
"ごゆ","2"
"ゆご","2"
"ごよ","43"
"よご","43"
"ごら","68"
"らご","68"
"ごり","103"
"りご","103"
"ごる","99"
"るご","99"
"ごれ","27"
"れご","27"
"ごろ","165"
"ろご","165"
"ごわ","8"
"わご","8"
"ごを","118"
"をご","118"
"ごん","706"
"んご","706"
"ごー","48"
"ーご","48"
"さぁ","4"
"ぁさ","4"
"さぇ","1"
"ぇさ","1"
"ささ","218"
"さざ","14"
"ざさ","14"
"さし","549"
"しさ","549"
"さじ","246"
"じさ","246"
"さす","129"
"すさ","129"
"さず","47"
"ずさ","47"
"させ","374"
"せさ","374"
"さそ","53"
"そさ","53"
"さぞ","17"
"ぞさ","17"
"さた","195"
"たさ","195"
"さだ","689"
"ださ","689"
"さち","105"
"ちさ","105"
"さぢ","1"
"ぢさ","1"
"さっ","639"
"っさ","639"
"さつ","502"
"つさ","502"
"さて","318"
"てさ","318"
"さで","253"
"でさ","253"
"さと","392"
"とさ","392"
"さど","62"
"どさ","62"
"さな","541"
"なさ","541"
"さに","456"
"にさ","456"
"さぬ","10"
"ぬさ","10"
"さね","54"
"ねさ","54"
"さの","802"
"のさ","802"
"さは","391"
"はさ","391"
"さば","114"
"ばさ","114"
"さひ","130"
"ひさ","130"
"さび","115"
"びさ","115"
"さぴ","3"
"ぴさ","3"
"さふ","70"
"ふさ","70"
"さぶ","71"
"ぶさ","71"
"さぷ","33"
"ぷさ","33"
"さべ","19"
"べさ","19"
"さぺ","1"
"ぺさ","1"
"さほ","44"
"ほさ","44"
"さぼ","14"
"ぼさ","14"
"さぽ","30"
"ぽさ","30"
"さま","838"
"まさ","838"
"さみ","96"
"みさ","96"
"さむ","121"
"むさ","121"
"さめ","72"
"めさ","72"
"さも","170"
"もさ","170"
"さや","244"
"やさ","244"
"さゆ","21"
"ゆさ","21"
"さよ","113"
"よさ","113"
"さら","480"
"らさ","480"
"さり","182"
"りさ","182"
"さる","366"
"るさ","366"
"され","1851"
"れさ","1851"
"さろ","68"
"ろさ","68"
"さわ","213"
"わさ","213"
"さを","647"
"をさ","647"
"さん","3549"
"んさ","3549"
"さー","531"
"ーさ","531"
"ざし","98"
"しざ","98"
"ざじ","8"
"じざ","8"
"ざす","41"
"すざ","41"
"ざず","4"
"ずざ","4"
"ざせ","24"
"せざ","24"
"ざそ","23"
"そざ","23"
"ざた","16"
"たざ","16"
"ざだ","9"
"だざ","9"
"ざち","6"
"ちざ","6"
"ざっ","76"
"っざ","76"
"ざつ","63"
"つざ","63"
"ざて","12"
"てざ","12"
"ざで","79"
"でざ","79"
"ざと","38"
"とざ","38"
"ざど","2"
"どざ","2"
"ざな","14"
"なざ","14"
"ざに","43"
"にざ","43"
"ざね","10"
"ねざ","10"
"ざの","82"
"のざ","82"
"ざは","27"
"はざ","27"
"ざび","4"
"びざ","4"
"ざぶ","22"
"ぶざ","22"
"ざへ","2"
"へざ","2"
"ざべ","1"
"べざ","1"
"ざほ","3"
"ほざ","3"
"ざぽ","1"
"ぽざ","1"
"ざま","291"
"まざ","291"
"ざみ","7"
"みざ","7"
"ざむ","9"
"むざ","9"
"ざめ","96"
"めざ","96"
"ざも","12"
"もざ","12"
"ざや","40"
"やざ","40"
"ざよ","1"
"よざ","1"
"ざら","32"
"らざ","32"
"ざり","42"
"りざ","42"
"ざる","42"
"るざ","42"
"ざろ","18"
"ろざ","18"
"ざわ","138"
"わざ","138"
"ざを","24"
"をざ","24"
"ざん","692"
"んざ","692"
"ざー","260"
"ーざ","260"
"しぇ","188"
"ぇし","188"
"しし","820"
"しじ","632"
"じし","632"
"しす","465"
"すし","465"
"しず","203"
"ずし","203"
"しせ","193"
"せし","193"
"しぜ","104"
"ぜし","104"
"しそ","583"
"そし","583"
"しぞ","9"
"ぞし","9"
"した","6341"
"たし","6341"
"しだ","810"
"だし","810"
"しち","492"
"ちし","492"
"しっ","1314"
"っし","1314"
"しつ","1092"
"つし","1092"
"しづ","11"
"づし","11"
"して","6833"
"てし","6833"
"しで","1536"
"でし","1536"
"しと","3109"
"とし","3109"
"しど","306"
"どし","306"
"しな","1687"
"なし","1687"
"しに","1883"
"にし","1883"
"しぬ","75"
"ぬし","75"
"しね","57"
"ねし","57"
"しの","2776"
"のし","2776"
"しは","1371"
"はし","1371"
"しば","436"
"ばし","436"
"しぱ","19"
"ぱし","19"
"しひ","124"
"ひし","124"
"しび","134"
"びし","134"
"しぴ","11"
"ぴし","11"
"しふ","168"
"ふし","168"
"しぶ","261"
"ぶし","261"
"しぷ","55"
"ぷし","55"
"しへ","26"
"へし","26"
"しべ","24"
"べし","24"
"しほ","421"
"ほし","421"
"しぼ","117"
"ぼし","117"
"しぽ","7"
"ぽし","7"
"しま","3695"
"まし","3695"
"しみ","242"
"みし","242"
"しむ","327"
"むし","327"
"しめ","451"
"めし","451"
"しも","1084"
"もし","1084"
"しゃ","3080"
"ゃし","3080"
"しや","418"
"やし","418"
"しゅ","3884"
"ゅし","3884"
"しゆ","21"
"ゆし","21"
"しょ","6594"
"ょし","6594"
"しよ","574"
"よし","574"
"しら","1108"
"らし","1108"
"しり","884"
"りし","884"
"しる","733"
"るし","733"
"しれ","454"
"れし","454"
"しろ","660"
"ろし","660"
"しわ","228"
"わし","228"
"しを","1515"
"をし","1515"
"しん","6801"
"んし","6801"
"しー","550"
"ーし","550"
"じぇ","92"
"ぇじ","92"
"じじ","346"
"じす","189"
"すじ","189"
"じず","21"
"ずじ","21"
"じせ","85"
"せじ","85"
"じぜ","30"
"ぜじ","30"
"じそ","31"
"そじ","31"
"じぞ","8"
"ぞじ","8"
"じた","529"
"たじ","529"
"じだ","309"
"だじ","309"
"じち","330"
"ちじ","330"
"じっ","753"
"っじ","753"
"じつ","963"
"つじ","963"
"じづ","2"
"づじ","2"
"じて","517"
"てじ","517"
"じで","418"
"でじ","418"
"じと","287"
"とじ","287"
"じど","171"
"どじ","171"
"じな","709"
"なじ","709"
"じに","635"
"にじ","635"
"じぬ","15"
"ぬじ","15"
"じね","101"
"ねじ","101"
"じの","1387"
"のじ","1387"
"じは","908"
"はじ","908"
"じば","93"
"ばじ","93"
"じぱ","8"
"ぱじ","8"
"じひ","174"
"ひじ","174"
"じび","132"
"びじ","132"
"じふ","129"
"ふじ","129"
"じぶ","624"
"ぶじ","624"
"じぷ","72"
"ぷじ","72"
"じへ","26"
"へじ","26"
"じべ","3"
"べじ","3"
"じぺ","9"
"ぺじ","9"
"じほ","126"
"ほじ","126"
"じぼ","8"
"ぼじ","8"
"じぽ","30"
"ぽじ","30"
"じま","545"
"まじ","545"
"じみ","210"
"みじ","210"
"じむ","124"
"むじ","124"
"じめ","506"
"めじ","506"
"じも","404"
"もじ","404"
"じゃ","810"
"ゃじ","810"
"じや","117"
"やじ","117"
"じゅ","2145"
"ゅじ","2145"
"じゆ","124"
"ゆじ","124"
"じょ","4400"
"ょじ","4400"
"じよ","64"
"よじ","64"
"じら","232"
"らじ","232"
"じり","243"
"りじ","243"
"じる","419"
"るじ","419"
"じれ","155"
"れじ","155"
"じろ","79"
"ろじ","79"
"じわ","93"
"わじ","93"
"じを","504"
"をじ","504"
"じん","3200"
"んじ","3200"
"じー","575"
"ーじ","575"
"すす","556"
"すず","98"
"ずす","98"
"すせ","132"
"せす","132"
"すぜ","6"
"ぜす","6"
"すそ","34"
"そす","34"
"すぞ","10"
"ぞす","10"
"すた","510"
"たす","510"
"すだ","221"
"だす","221"
"すち","82"
"ちす","82"
"すっ","160"
"っす","160"
"すつ","203"
"つす","203"
"すづ","1"
"づす","1"
"すて","489"
"てす","489"
"すで","3756"
"です","3756"
"すと","1154"
"とす","1154"
"すど","60"
"どす","60"
"すな","278"
"なす","278"
"すに","703"
"にす","703"
"すぬ","23"
"ぬす","23"
"すね","395"
"ねす","395"
"すの","838"
"のす","838"
"すは","421"
"はす","421"
"すば","200"
"ばす","200"
"すぱ","169"
"ぱす","169"
"すひ","43"
"ひす","43"
"すび","231"
"びす","231"
"すぴ","51"
"ぴす","51"
"すふ","31"
"ふす","31"
"すぶ","57"
"ぶす","57"
"すぷ","67"
"ぷす","67"
"すへ","21"
"へす","21"
"すべ","374"
"べす","374"
"すぺ","88"
"ぺす","88"
"すほ","48"
"ほす","48"
"すぼ","26"
"ぼす","26"
"すぽ","136"
"ぽす","136"
"すま","3908"
"ます","3908"
"すみ","287"
"みす","287"
"すむ","247"
"むす","247"
"すめ","270"
"めす","270"
"すも","236"
"もす","236"
"すや","415"
"やす","415"
"すゆ","15"
"ゆす","15"
"すよ","393"
"よす","393"
"すら","366"
"らす","366"
"すり","540"
"りす","540"
"する","4145"
"るす","4145"
"すれ","515"
"れす","515"
"すろ","175"
"ろす","175"
"すわ","276"
"わす","276"
"すを","595"
"をす","595"
"すん","1029"
"んす","1029"
"すー","623"
"ーす","623"
"ずご","6"
"ごず","6"
"ずせ","85"
"せず","85"
"ずぜ","4"
"ぜず","4"
"ずそ","11"
"そず","11"
"ずた","69"
"たず","69"
"ずだ","51"
"だず","51"
"ずち","24"
"ちず","24"
"ずっ","98"
"っず","98"
"ずつ","88"
"つず","88"
"ずて","12"
"てず","12"
"ずで","95"
"でず","95"
"ずと","76"
"とず","76"
"ずど","8"
"どず","8"
"ずな","63"
"なず","63"
"ずに","205"
"にず","205"
"ずぬ","1"
"ぬず","1"
"ずね","59"
"ねず","59"
"ずの","138"
"のず","138"
"ずは","387"
"はず","387"
"ずば","20"
"ばず","20"
"ずぱ","3"
"ぱず","3"
"ずひ","8"
"ひず","8"
"ずび","6"
"びず","6"
"ずふ","14"
"ふず","14"
"ずぶ","8"
"ぶず","8"
"ずぷ","1"
"ぷず","1"
"ずへ","3"
"へず","3"
"ずべ","8"
"べず","8"
"ずほ","7"
"ほず","7"
"ずぼ","7"
"ぼず","7"
"ずぽ","2"
"ぽず","2"
"ずま","257"
"まず","257"
"ずみ","351"
"みず","351"
"ずむ","158"
"むず","158"
"ずめ","43"
"めず","43"
"ずも","38"
"もず","38"
"ずや","23"
"やず","23"
"ずゆ","28"
"ゆず","28"
"ずよ","11"
"よず","11"
"ずら","304"
"らず","304"
"ずり","68"
"りず","68"
"ずる","41"
"るず","41"
"ずれ","219"
"れず","219"
"ずろ","66"
"ろず","66"
"ずわ","91"
"わず","91"
"ずを","95"
"をず","95"
"ずん","117"
"んず","117"
"ずー","167"
"ーず","167"
"せぇ","1"
"ぇせ","1"
"せせ","4"
"せそ","14"
"そせ","14"
"せた","265"
"たせ","265"
"せだ","129"
"だせ","129"
"せち","25"
"ちせ","25"
"せっ","672"
"っせ","672"
"せつ","943"
"つせ","943"
"せづ","2"
"づせ","2"
"せて","433"
"てせ","433"
"せで","124"
"でせ","124"
"せと","153"
"とせ","153"
"せど","33"
"どせ","33"
"せな","276"
"なせ","276"
"せに","305"
"にせ","305"
"せぬ","12"
"ぬせ","12"
"せね","21"
"ねせ","21"
"せの","872"
"のせ","872"
"せは","178"
"はせ","178"
"せば","54"
"ばせ","54"
"せぱ","3"
"ぱせ","3"
"せひ","17"
"ひせ","17"
"せび","23"
"びせ","23"
"せふ","116"
"ふせ","116"
"せぶ","17"
"ぶせ","17"
"せぷ","43"
"ぷせ","43"
"せべ","5"
"べせ","5"
"せほ","2"
"ほせ","2"
"せぼ","4"
"ぼせ","4"
"せぽ","1"
"ぽせ","1"
"せま","1014"
"ませ","1014"
"せみ","242"
"みせ","242"
"せむ","32"
"むせ","32"
"せめ","32"
"めせ","32"
"せも","90"
"もせ","90"
"せや","74"
"やせ","74"
"せよ","107"
"よせ","107"
"せら","243"
"らせ","243"
"せり","119"
"りせ","119"
"せる","537"
"るせ","537"
"せれ","25"
"れせ","25"
"せろ","46"
"ろせ","46"
"せわ","397"
"わせ","397"
"せを","262"
"をせ","262"
"せん","4373"
"んせ","4373"
"せー","114"
"ーせ","114"
"ぜぃ","2"
"ぃぜ","2"
"ぜぇ","1"
"ぇぜ","1"
"ぜえ","1"
"えぜ","1"
"ぜさ","2"
"さぜ","2"
"ぜせ","5"
"せぜ","5"
"ぜそ","7"
"そぜ","7"
"ぜた","29"
"たぜ","29"
"ぜだ","15"
"だぜ","15"
"ぜち","2"
"ちぜ","2"
"ぜっ","116"
"っぜ","116"
"ぜつ","91"
"つぜ","91"
"ぜて","41"
"てぜ","41"
"ぜで","22"
"でぜ","22"
"ぜと","26"
"とぜ","26"
"ぜど","13"
"どぜ","13"
"ぜな","158"
"なぜ","158"
"ぜに","92"
"にぜ","92"
"ぜね","2"
"ねぜ","2"
"ぜの","93"
"のぜ","93"
"ぜは","134"
"はぜ","134"
"ぜひ","102"
"ひぜ","102"
"ぜべ","1"
"べぜ","1"
"ぜほ","4"
"ほぜ","4"
"ぜま","27"
"まぜ","27"
"ぜみ","14"
"みぜ","14"
"ぜも","27"
"もぜ","27"
"ぜや","5"
"やぜ","5"
"ぜゆ","1"
"ゆぜ","1"
"ぜよ","2"
"よぜ","2"
"ぜら","19"
"らぜ","19"
"ぜり","28"
"りぜ","28"
"ぜる","48"
"るぜ","48"
"ぜろ","31"
"ろぜ","31"
"ぜを","52"
"をぜ","52"
"ぜん","1941"
"んぜ","1941"
"ぜー","12"
"ーぜ","12"
"そそ","20"
"そだ","134"
"だそ","134"
"そち","98"
"ちそ","98"
"そっ","217"
"っそ","217"
"そつ","87"
"つそ","87"
"そて","127"
"てそ","127"
"そで","115"
"でそ","115"
"そと","205"
"とそ","205"
"そど","27"
"どそ","27"
"そな","100"
"なそ","100"
"そに","266"
"にそ","266"
"そね","10"
"ねそ","10"
"その","2165"
"のそ","2165"
"そは","392"
"はそ","392"
"そば","81"
"ばそ","81"
"そぱ","64"
"ぱそ","64"
"そひ","24"
"ひそ","24"
"そび","62"
"びそ","62"
"そふ","284"
"ふそ","284"
"そぶ","38"
"ぶそ","38"
"そぷ","14"
"ぷそ","14"
"そへ","12"
"へそ","12"
"そべ","12"
"べそ","12"
"そほ","44"
"ほそ","44"
"そぼ","25"
"ぼそ","25"
"そぽ","23"
"ぽそ","23"
"そま","23"
"まそ","23"
"そみ","43"
"みそ","43"
"そむ","47"
"むそ","47"
"そめ","42"
"めそ","42"
"そも","260"
"もそ","260"
"そや","38"
"やそ","38"
"そゆ","7"
"ゆそ","7"
"そよ","101"
"よそ","101"
"そら","219"
"らそ","219"
"そり","169"
"りそ","169"
"そる","138"
"るそ","138"
"それ","1475"
"れそ","1475"
"そろ","163"
"ろそ","163"
"そわ","27"
"わそ","27"
"そを","229"
"をそ","229"
"そん","1112"
"んそ","1112"
"そー","186"
"ーそ","186"
"ぞぉ","2"
"ぉぞ","2"
"ぞけ","16"
"けぞ","16"
"ぞげ","2"
"げぞ","2"
"ぞせ","3"
"せぞ","3"
"ぞだ","14"
"だぞ","14"
"ぞっ","10"
"っぞ","10"
"ぞて","8"
"てぞ","8"
"ぞで","7"
"でぞ","7"
"ぞと","86"
"とぞ","86"
"ぞな","34"
"なぞ","34"
"ぞの","216"
"のぞ","216"
"ぞは","27"
"はぞ","27"
"ぞぷ","1"
"ぷぞ","1"
"ぞま","37"
"まぞ","37"
"ぞみ","16"
"みぞ","16"
"ぞむ","13"
"むぞ","13"
"ぞめ","4"
"めぞ","4"
"ぞや","9"
"やぞ","9"
"ぞゆ","1"
"ゆぞ","1"
"ぞよ","7"
"よぞ","7"
"ぞら","26"
"らぞ","26"
"ぞり","20"
"りぞ","20"
"ぞる","23"
"るぞ","23"
"ぞれ","178"
"れぞ","178"
"ぞろ","8"
"ろぞ","8"
"ぞわ","3"
"わぞ","3"
"ぞん","373"
"んぞ","373"
"ぞー","5"
"ーぞ","5"
"たそ","123"
"そた","123"
"たぞ","78"
"ぞた","78"
"たた","782"
"ただ","880"
"だた","880"
"たち","963"
"ちた","963"
"たっ","5636"
"った","5636"
"たつ","448"
"つた","448"
"たづ","12"
"づた","12"
"たて","483"
"てた","483"
"たで","476"
"でた","476"
"たと","1370"
"とた","1370"
"たど","109"
"どた","109"
"たな","521"
"なた","521"
"たに","1134"
"にた","1134"
"たぬ","3"
"ぬた","3"
"たね","226"
"ねた","226"
"たの","2771"
"のた","2771"
"たは","912"
"はた","912"
"たば","306"
"ばた","306"
"たぱ","40"
"ぱた","40"
"たひ","188"
"ひた","188"
"たび","328"
"びた","328"
"たぴ","11"
"ぴた","11"
"たふ","363"
"ふた","363"
"たぶ","156"
"ぶた","156"
"たぷ","25"
"ぷた","25"
"たへ","73"
"へた","73"
"たべ","372"
"べた","372"
"たぺ","5"
"ぺた","5"
"たほ","122"
"ほた","122"
"たぼ","54"
"ぼた","54"
"たぽ","37"
"ぽた","37"
"たま","1284"
"また","1284"
"たみ","650"
"みた","650"
"たむ","95"
"むた","95"
"ため","1352"
"めた","1352"
"たも","709"
"もた","709"
"たや","119"
"やた","119"
"たゆ","74"
"ゆた","74"
"たよ","333"
"よた","333"
"たら","1214"
"らた","1214"
"たり","1266"
"りた","1266"
"たる","678"
"るた","678"
"たれ","1320"
"れた","1320"
"たろ","98"
"ろた","98"
"たわ","940"
"わた","940"
"たを","706"
"をた","706"
"たん","2493"
"んた","2493"
"たヴ","2"
"ヴた","2"
"たー","1025"
"ーた","1025"
"だだ","40"
"だち","276"
"ちだ","276"
"だっ","820"
"っだ","820"
"だつ","228"
"つだ","228"
"だづ","2"
"づだ","2"
"だて","268"
"てだ","268"
"だで","124"
"でだ","124"
"だと","829"
"とだ","829"
"だど","67"
"どだ","67"
"だな","190"
"なだ","190"
"だに","273"
"にだ","273"
"だぬ","4"
"ぬだ","4"
"だね","89"
"ねだ","89"
"だの","1107"
"のだ","1107"
"だは","248"
"はだ","248"
"だば","38"
"ばだ","38"
"だひ","102"
"ひだ","102"
"だび","42"
"びだ","42"
"だふ","84"
"ふだ","84"
"だぶ","53"
"ぶだ","53"
"だぷ","12"
"ぷだ","12"
"だへ","4"
"へだ","4"
"だべ","2"
"べだ","2"
"だぺ","13"
"ぺだ","13"
"だほ","12"
"ほだ","12"
"だぼ","6"
"ぼだ","6"
"だま","450"
"まだ","450"
"だみ","179"
"みだ","179"
"だむ","110"
"むだ","110"
"だめ","346"
"めだ","346"
"だも","197"
"もだ","197"
"だや","42"
"やだ","42"
"だゆ","29"
"ゆだ","29"
"だよ","146"
"よだ","146"
"だら","290"
"らだ","290"
"だり","323"
"りだ","323"
"だる","372"
"るだ","372"
"だれ","413"
"れだ","413"
"だろ","571"
"ろだ","571"
"だわ","303"
"わだ","303"
"だを","226"
"をだ","226"
"だん","3299"
"んだ","3299"
"だヴ","1"
"ヴだ","1"
"だー","266"
"ーだ","266"
"ちぇ","158"
"ぇち","158"
"ちぞ","4"
"ぞち","4"
"ちち","130"
"ちぢ","7"
"ぢち","7"
"ちっ","510"
"っち","510"
"ちつ","140"
"つち","140"
"ちづ","20"
"づち","20"
"ちて","210"
"てち","210"
"ちで","324"
"でち","324"
"ちと","455"
"とち","455"
"ちど","257"
"どち","257"
"ちな","258"
"なち","258"
"ちに","941"
"にち","941"
"ちぬ","6"
"ぬち","6"
"ちね","36"
"ねち","36"
"ちの","1126"
"のち","1126"
"ちは","561"
"はち","561"
"ちば","251"
"ばち","251"
"ちぱ","16"
"ぱち","16"
"ちひ","33"
"ひち","33"
"ちび","38"
"びち","38"
"ちぴ","10"
"ぴち","10"
"ちふ","36"
"ふち","36"
"ちぶ","146"
"ぶち","146"
"ちぷ","22"
"ぷち","22"
"ちへ","33"
"へち","33"
"ちべ","23"
"べち","23"
"ちぺ","2"
"ぺち","2"
"ちほ","141"
"ほち","141"
"ちぼ","29"
"ぼち","29"
"ちぽ","5"
"ぽち","5"
"ちま","473"
"まち","473"
"ちみ","160"
"みち","160"
"ちむ","51"
"むち","51"
"ちめ","62"
"めち","62"
"ちも","759"
"もち","759"
"ちゃ","804"
"ゃち","804"
"ちや","136"
"やち","136"
"ちゅ","1341"
"ゅち","1341"
"ちゆ","11"
"ゆち","11"
"ちょ","2903"
"ょち","2903"
"ちよ","83"
"よち","83"
"ちら","298"
"らち","298"
"ちり","105"
"りち","105"
"ちる","199"
"るち","199"
"ちれ","50"
"れち","50"
"ちろ","220"
"ろち","220"
"ちわ","62"
"わち","62"
"ちを","476"
"をち","476"
"ちん","903"
"んち","903"
"ちヴ","1"
"ヴち","1"
"ちー","174"
"ーち","174"
"ぢえ","1"
"えぢ","1"
"ぢか","36"
"かぢ","36"
"ぢが","7"
"がぢ","7"
"ぢし","1"
"しぢ","1"
"ぢじ","1"
"じぢ","1"
"ぢに","1"
"にぢ","1"
"ぢの","6"
"のぢ","6"
"ぢは","8"
"はぢ","8"
"ぢま","4"
"まぢ","4"
"ぢみ","29"
"みぢ","29"
"ぢめ","4"
"めぢ","4"
"ぢも","3"
"もぢ","3"
"ぢゃ","1"
"ゃぢ","1"
"ぢり","2"
"りぢ","2"
"ぢを","5"
"をぢ","5"
"ぢん","2"
"んぢ","2"
"っっ","24"
"っつ","145"
"つっ","145"
"って","6219"
"てっ","6219"
"っで","23"
"でっ","23"
"っと","2250"
"とっ","2250"
"っど","227"
"どっ","227"
"っな","1613"
"なっ","1613"
"っね","418"
"ねっ","418"
"っの","136"
"のっ","136"
"っは","697"
"はっ","697"
"っぱ","624"
"ぱっ","624"
"っひ","133"
"ひっ","133"
"っび","85"
"びっ","85"
"っぴ","265"
"ぴっ","265"
"っふ","174"
"ふっ","174"
"っぶ","215"
"ぶっ","215"
"っぷ","451"
"ぷっ","451"
"っへ","27"
"へっ","27"
"っぺ","44"
"ぺっ","44"
"っぽ","288"
"ぽっ","288"
"っま","888"
"まっ","888"
"っむ","32"
"むっ","32"
"っめ","56"
"めっ","56"
"っら","362"
"らっ","362"
"っれ","117"
"れっ","117"
"っを","2"
"をっ","2"
"つぁ","6"
"ぁつ","6"
"つぃ","4"
"ぃつ","4"
"つぇ","2"
"ぇつ","2"
"つぉ","2"
"ぉつ","2"
"つぞ","62"
"ぞつ","62"
"つつ","322"
"つづ","360"
"づつ","360"
"つて","507"
"てつ","507"
"つで","438"
"でつ","438"
"つと","676"
"とつ","676"
"つど","165"
"どつ","165"
"つな","525"
"なつ","525"
"つに","1736"
"につ","1736"
"つぬ","2"
"ぬつ","2"
"つね","145"
"ねつ","145"
"つの","1084"
"のつ","1084"
"つは","1263"
"はつ","1263"
"つば","213"
"ばつ","213"
"つぱ","123"
"ぱつ","123"
"つひ","546"
"ひつ","546"
"つび","53"
"びつ","53"
"つふ","167"
"ふつ","167"
"つぶ","450"
"ぶつ","450"
"つぷ","5"
"ぷつ","5"
"つへ","35"
"へつ","35"
"つべ","343"
"べつ","343"
"つぺ","1"
"ぺつ","1"
"つほ","29"
"ほつ","29"
"つぼ","71"
"ぼつ","71"
"つぽ","19"
"ぽつ","19"
"つま","723"
"まつ","723"
"つみ","398"
"みつ","398"
"つむ","36"
"むつ","36"
"つめ","383"
"めつ","383"
"つも","751"
"もつ","751"
"つや","254"
"やつ","254"
"つゆ","22"
"ゆつ","22"
"つよ","755"
"よつ","755"
"つら","142"
"らつ","142"
"つり","884"
"りつ","884"
"つる","81"
"るつ","81"
"つれ","260"
"れつ","260"
"つろ","61"
"ろつ","61"
"つわ","45"
"わつ","45"
"つを","1323"
"をつ","1323"
"つん","156"
"んつ","156"
"つー","189"
"ーつ","189"
"づえ","1"
"えづ","1"
"づっ","3"
"っづ","3"
"づて","11"
"てづ","11"
"づと","53"
"とづ","53"
"づな","11"
"なづ","11"
"づに","4"
"にづ","4"
"づね","11"
"ねづ","11"
"づま","6"
"まづ","6"
"づみ","16"
"みづ","16"
"づめ","15"
"めづ","15"
"づも","1"
"もづ","1"
"づよ","9"
"よづ","9"
"づら","29"
"らづ","29"
"づり","9"
"りづ","9"
"づれ","7"
"れづ","7"
"づわ","1"
"わづ","1"
"づを","1"
"をづ","1"
"てぇ","7"
"ぇて","7"
"てぢ","4"
"ぢて","4"
"てて","302"
"てで","363"
"でて","363"
"てと","297"
"とて","297"
"てど","93"
"どて","93"
"てな","366"
"なて","366"
"てに","527"
"にて","527"
"てぬ","11"
"ぬて","11"
"てね","145"
"ねて","145"
"ての","859"
"のて","859"
"ては","960"
"はて","960"
"てば","48"
"ばて","48"
"てぱ","18"
"ぱて","18"
"てひ","128"
"ひて","128"
"てび","44"
"びて","44"
"てぴ","8"
"ぴて","8"
"てふ","97"
"ふて","97"
"てぶ","27"
"ぶて","27"
"てぷ","30"
"ぷて","30"
"てへ","54"
"へて","54"
"てべ","367"
"べて","367"
"てぺ","6"
"ぺて","6"
"てほ","253"
"ほて","253"
"てぼ","21"
"ぼて","21"
"てぽ","14"
"ぽて","14"
"てま","347"
"まて","347"
"てみ","820"
"みて","820"
"てむ","248"
"むて","248"
"てめ","589"
"めて","589"
"ても","1447"
"もて","1447"
"てや","148"
"やて","148"
"てゆ","52"
"ゆて","52"
"てよ","233"
"よて","233"
"てら","127"
"らて","127"
"てり","444"
"りて","444"
"てる","666"
"るて","666"
"てれ","1789"
"れて","1789"
"てろ","32"
"ろて","32"
"てわ","89"
"わて","89"
"てを","319"
"をて","319"
"てん","2653"
"んて","2653"
"てヴ","1"
"ヴて","1"
"てー","253"
"ーて","253"
"でづ","1"
"づで","1"
"でで","176"
"でと","1019"
"とで","1019"
"でど","316"
"どで","316"
"でな","364"
"なで","364"
"でに","490"
"にで","490"
"でぬ","18"
"ぬで","18"
"でね","61"
"ねで","61"
"での","2822"
"ので","2822"
"では","2190"
"はで","2190"
"でば","132"
"ばで","132"
"でぱ","38"
"ぱで","38"
"でひ","160"
"ひで","160"
"でび","125"
"びで","125"
"でぴ","15"
"ぴで","15"
"でふ","125"
"ふで","125"
"でぶ","101"
"ぶで","101"
"でぷ","73"
"ぷで","73"
"でへ","48"
"へで","48"
"でべ","23"
"べで","23"
"でぺ","6"
"ぺで","6"
"でほ","66"
"ほで","66"
"でぼ","55"
"ぼで","55"
"でぽ","17"
"ぽで","17"
"でま","1195"
"まで","1195"
"でみ","295"
"みで","295"
"でむ","116"
"むで","116"
"でめ","183"
"めで","183"
"でも","1562"
"もで","1562"
"でや","174"
"やで","174"
"でゅ","43"
"ゅで","43"
"でゆ","99"
"ゆで","99"
"でよ","98"
"よで","98"
"でら","271"
"らで","271"
"でり","368"
"りで","368"
"でる","460"
"るで","460"
"でれ","348"
"れで","348"
"でろ","248"
"ろで","248"
"でわ","98"
"わで","98"
"でを","64"
"をで","64"
"でん","3612"
"んで","3612"
"でー","361"
"ーで","361"
"とと","1188"
"とど","400"
"どと","400"
"とな","1225"
"なと","1225"
"とに","1874"
"にと","1874"
"とぬ","13"
"ぬと","13"
"とね","62"
"ねと","62"
"との","2078"
"のと","2078"
"とは","1919"
"はと","1919"
"とば","471"
"ばと","471"
"とぱ","25"
"ぱと","25"
"とひ","2214"
"ひと","2214"
"とび","346"
"びと","346"
"とぴ","11"
"ぴと","11"
"とふ","563"
"ふと","563"
"とぶ","94"
"ぶと","94"
"とぷ","156"
"ぷと","156"
"とへ","157"
"へと","157"
"とべ","29"
"べと","29"
"とぺ","20"
"ぺと","20"
"とほ","276"
"ほと","276"
"とぼ","54"
"ぼと","54"
"とぽ","14"
"ぽと","14"
"とま","547"
"まと","547"
"とみ","420"
"みと","420"
"とむ","156"
"むと","156"
"とめ","453"
"めと","453"
"とも","2117"
"もと","2117"
"とや","233"
"やと","233"
"とゆ","56"
"ゆと","56"
"とよ","275"
"よと","275"
"とら","509"
"らと","509"
"とり","1370"
"りと","1370"
"とる","2476"
"ると","2476"
"とれ","369"
"れと","369"
"とろ","175"
"ろと","175"
"とわ","253"
"わと","253"
"とを","1491"
"をと","1491"
"とん","3001"
"んと","3001"
"とヴ","2"
"ヴと","2"
"とー","792"
"ーと","792"
"どぅ","8"
"ぅど","8"
"どげ","11"
"げど","11"
"どど","18"
"どな","1463"
"など","1463"
"どに","483"
"にど","483"
"どね","74"
"ねど","74"
"どの","956"
"のど","956"
"どは","525"
"はど","525"
"どば","61"
"ばど","61"
"どぱ","4"
"ぱど","4"
"どひ","61"
"ひど","61"
"どび","13"
"びど","13"
"どふ","67"
"ふど","67"
"どぶ","48"
"ぶど","48"
"どへ","28"
"へど","28"
"どべ","10"
"べど","10"
"どほ","399"
"ほど","399"
"どぼ","12"
"ぼど","12"
"どぽ","8"
"ぽど","8"
"どま","172"
"まど","172"
"どみ","58"
"みど","58"
"どむ","17"
"むど","17"
"どめ","84"
"めど","84"
"ども","724"
"もど","724"
"どや","106"
"やど","106"
"どゆ","9"
"ゆど","9"
"どよ","62"
"よど","62"
"どら","325"
"らど","325"
"どり","212"
"りど","212"
"どる","208"
"るど","208"
"どれ","297"
"れど","297"
"どろ","121"
"ろど","121"
"どわ","20"
"わど","20"
"どを","512"
"をど","512"
"どん","1258"
"んど","1258"
"どヴ","2"
"ヴど","2"
"どー","663"
"ーど","663"
"なぢ","11"
"ぢな","11"
"なな","166"
"なに","2805"
"にな","2805"
"なぬ","5"
"ぬな","5"
"なね","62"
"ねな","62"
"なの","1702"
"のな","1702"
"なは","2210"
"はな","2210"
"なば","338"
"ばな","338"
"なぱ","56"
"ぱな","56"
"なひ","226"
"ひな","226"
"なび","71"
"びな","71"
"なぴ","5"
"ぴな","5"
"なふ","96"
"ふな","96"
"なぶ","88"
"ぶな","88"
"なぷ","25"
"ぷな","25"
"なへ","42"
"へな","42"
"なべ","71"
"べな","71"
"なぺ","9"
"ぺな","9"
"なほ","68"
"ほな","68"
"なぼ","32"
"ぼな","32"
"なぽ","27"
"ぽな","27"
"なま","459"
"まな","459"
"なみ","731"
"みな","731"
"なむ","65"
"むな","65"
"なめ","170"
"めな","170"
"なも","738"
"もな","738"
"なや","167"
"やな","167"
"なゆ","22"
"ゆな","22"
"なよ","140"
"よな","140"
"なら","1800"
"らな","1800"
"なり","1147"
"りな","1147"
"なる","1554"
"るな","1554"
"なれ","780"
"れな","780"
"なろ","119"
"ろな","119"
"なわ","465"
"わな","465"
"なを","307"
"をな","307"
"なん","3063"
"んな","3063"
"なー","395"
"ーな","395"
"にぞ","33"
"ぞに","33"
"にっ","236"
"っに","236"
"にに","308"
"にぬ","16"
"ぬに","16"
"にね","118"
"ねに","118"
"にの","947"
"のに","947"
"には","2487"
"はに","2487"
"にば","172"
"ばに","172"
"にぱ","47"
"ぱに","47"
"にひ","377"
"ひに","377"
"にび","173"
"びに","173"
"にぴ","14"
"ぴに","14"
"にふ","319"
"ふに","319"
"にぶ","152"
"ぶに","152"
"にぷ","81"
"ぷに","81"
"にへ","85"
"へに","85"
"にべ","45"
"べに","45"
"にぺ","6"
"ぺに","6"
"にほ","759"
"ほに","759"
"にぼ","55"
"ぼに","55"
"にぽ","17"
"ぽに","17"
"にま","547"
"まに","547"
"にみ","591"
"みに","591"
"にむ","273"
"むに","273"
"にめ","699"
"めに","699"
"にも","1232"
"もに","1232"
"にゃ","262"
"ゃに","262"
"にや","261"
"やに","261"
"にゅ","951"
"ゅに","951"
"にゆ","96"
"ゆに","96"
"にょ","308"
"ょに","308"
"によ","818"
"よに","818"
"にら","421"
"らに","421"
"にり","651"
"りに","651"
"にる","459"
"るに","459"
"にれ","388"
"れに","388"
"にろ","235"
"ろに","235"
"にわ","301"
"わに","301"
"にを","176"
"をに","176"
"にん","3647"
"んに","3647"
"にー","389"
"ーに","389"
"ぬあ","2"
"あぬ","2"
"ぬぃ","1"
"ぃぬ","1"
"ぬお","8"
"おぬ","8"
"ぬぐ","10"
"ぐぬ","10"
"ぬげ","2"
"げぬ","2"
"ぬご","7"
"ごぬ","7"
"ぬそ","1"
"そぬ","1"
"ぬぞ","2"
"ぞぬ","2"
"ぬっ","7"
"っぬ","7"
"ぬづ","1"
"づぬ","1"
"ぬど","1"
"どぬ","1"
"ぬぬ","2"
"ぬの","30"
"のぬ","30"
"ぬは","9"
"はぬ","9"
"ぬひ","2"
"ひぬ","2"
"ぬふ","7"
"ふぬ","7"
"ぬほ","5"
"ほぬ","5"
"ぬぼ","1"
"ぼぬ","1"
"ぬま","30"
"まぬ","30"
"ぬめ","2"
"めぬ","2"
"ぬも","14"
"もぬ","14"
"ぬや","5"
"やぬ","5"
"ぬゆ","2"
"ゆぬ","2"
"ぬよ","8"
"よぬ","8"
"ぬら","79"
"らぬ","79"
"ぬり","61"
"りぬ","61"
"ぬる","28"
"るぬ","28"
"ぬれ","15"
"れぬ","15"
"ぬわ","11"
"わぬ","11"
"ぬを","62"
"をぬ","62"
"ぬん","39"
"んぬ","39"
"ぬー","15"
"ーぬ","15"
"ねぬ","2"
"ぬね","2"
"ねの","186"
"のね","186"
"ねは","114"
"はね","114"
"ねば","42"
"ばね","42"
"ねひ","6"
"ひね","6"
"ねび","21"
"びね","21"
"ねふ","54"
"ふね","54"
"ねぶ","20"
"ぶね","20"
"ねぷ","2"
"ぷね","2"
"ねへ","4"
"へね","4"
"ねぼ","10"
"ぼね","10"
"ねま","147"
"まね","147"
"ねむ","109"
"むね","109"
"ねも","51"
"もね","51"
"ねや","40"
"やね","40"
"ねゆ","4"
"ゆね","4"
"ねよ","153"
"よね","153"
"ねら","156"
"らね","156"
"ねり","65"
"りね","65"
"ねる","172"
"るね","172"
"ねろ","7"
"ろね","7"
"ねわ","10"
"わね","10"
"ねを","100"
"をね","100"
"ねん","1710"
"んね","1710"
"ねー","210"
"ーね","210"
"のぅ","1"
"ぅの","1"
"のづ","3"
"づの","3"
"のの","462"
"のは","1987"
"はの","1987"
"のば","510"
"ばの","510"
"のぱ","91"
"ぱの","91"
"のひ","892"
"ひの","892"
"のび","210"
"びの","210"
"のぴ","36"
"ぴの","36"
"のふ","479"
"ふの","479"
"のぶ","382"
"ぶの","382"
"のぷ","198"
"ぷの","198"
"のへ","442"
"への","442"
"のべ","113"
"べの","113"
"のぺ","52"
"ぺの","52"
"のほ","570"
"ほの","570"
"のぼ","169"
"ぼの","169"
"のぽ","58"
"ぽの","58"
"のま","857"
"まの","857"
"のみ","770"
"みの","770"
"のむ","343"
"むの","343"
"のめ","616"
"めの","616"
"のも","2753"
"もの","2753"
"のや","309"
"やの","309"
"のゆ","199"
"ゆの","199"
"のよ","1048"
"よの","1048"
"のら","614"
"らの","614"
"のり","1108"
"りの","1108"
"のる","2012"
"るの","2012"
"のれ","502"
"れの","502"
"のろ","307"
"ろの","307"
"のわ","449"
"わの","449"
"のを","512"
"をの","512"
"のん","3553"
"んの","3553"
"のヴ","10"
"ヴの","10"
"のー","495"
"ーの","495"
"はぁ","10"
"ぁは","10"
"はは","596"
"はば","228"
"ばは","228"
"はぱ","24"
"ぱは","24"
"はひ","356"
"ひは","356"
"はび","104"
"びは","104"
"はぴ","17"
"ぴは","17"
"はふ","253"
"ふは","253"
"はぶ","117"
"ぶは","117"
"はぷ","46"
"ぷは","46"
"はへ","76"
"へは","76"
"はべ","53"
"べは","53"
"はぺ","4"
"ぺは","4"
"はほ","193"
"ほは","193"
"はぼ","51"
"ぼは","51"
"はぽ","12"
"ぽは","12"
"はま","531"
"まは","531"
"はみ","350"
"みは","350"
"はむ","252"
"むは","252"
"はめ","171"
"めは","171"
"はも","444"
"もは","444"
"はや","537"
"やは","537"
"はゆ","86"
"ゆは","86"
"はよ","179"
"よは","179"
"はら","636"
"らは","636"
"はり","486"
"りは","486"
"はる","499"
"るは","499"
"はれ","732"
"れは","732"
"はろ","131"
"ろは","131"
"はわ","217"
"わは","217"
"はを","617"
"をは","617"
"はん","2988"
"んは","2988"
"はヴ","4"
"ヴは","4"
"はー","275"
"ーは","275"
"ばざ","3"
"ざば","3"
"ばぜ","4"
"ぜば","4"
"ばぞ","2"
"ぞば","2"
"ばっ","190"
"っば","190"
"ばづ","2"
"づば","2"
"ばぬ","1"
"ぬば","1"
"ばば","30"
"ばぱ","2"
"ぱば","2"
"ばひ","27"
"ひば","27"
"ばび","18"
"びば","18"
"ばふ","40"
"ふば","40"
"ばぶ","46"
"ぶば","46"
"ばぷ","2"
"ぷば","2"
"ばへ","15"
"へば","15"
"ばべ","9"
"べば","9"
"ばぺ","1"
"ぺば","1"
"ばほ","17"
"ほば","17"
"ばぼ","5"
"ぼば","5"
"ばぽ","2"
"ぽば","2"
"ばま","33"
"まば","33"
"ばみ","21"
"みば","21"
"ばむ","33"
"むば","33"
"ばめ","62"
"めば","62"
"ばも","93"
"もば","93"
"ばや","116"
"やば","116"
"ばゆ","3"
"ゆば","3"
"ばよ","146"
"よば","146"
"ばら","299"
"らば","299"
"ばり","155"
"りば","155"
"ばる","323"
"るば","323"
"ばれ","1164"
"れば","1164"
"ばろ","50"
"ろば","50"
"ばわ","43"
"わば","43"
"ばを","155"
"をば","155"
"ばん","1523"
"んば","1523"
"ばー","459"
"ーば","459"
"ぱぐ","2"
"ぐぱ","2"
"ぱげ","5"
"げぱ","5"
"ぱこ","3"
"こぱ","3"
"ぱご","2"
"ごぱ","2"
"ぱさ","2"
"さぱ","2"
"ぱぜ","1"
"ぜぱ","1"
"ぱだ","2"
"だぱ","2"
"ぱづ","1"
"づぱ","1"
"ぱね","28"
"ねぱ","28"
"ぱぱ","14"
"ぱひ","5"
"ひぱ","5"
"ぱび","2"
"びぱ","2"
"ぱぴ","2"
"ぴぱ","2"
"ぱふ","6"
"ふぱ","6"
"ぱぶ","6"
"ぶぱ","6"
"ぱぷ","2"
"ぷぱ","2"
"ぱへ","1"
"へぱ","1"
"ぱべ","2"
"べぱ","2"
"ぱま","11"
"まぱ","11"
"ぱむ","55"
"むぱ","55"
"ぱや","13"
"やぱ","13"
"ぱら","70"
"らぱ","70"
"ぱり","95"
"りぱ","95"
"ぱる","37"
"るぱ","37"
"ぱれ","12"
"れぱ","12"
"ぱろ","5"
"ろぱ","5"
"ぱわ","20"
"わぱ","20"
"ぱを","15"
"をぱ","15"
"ぱん","780"
"んぱ","780"
"ぱー","258"
"ーぱ","258"
"ひぇ","1"
"ぇひ","1"
"ひざ","15"
"ざひ","15"
"ひづ","26"
"づひ","26"
"ひひ","32"
"ひび","95"
"びひ","95"
"ひふ","32"
"ふひ","32"
"ひぶ","36"
"ぶひ","36"
"ひぷ","5"
"ぷひ","5"
"ひへ","10"
"へひ","10"
"ひべ","4"
"べひ","4"
"ひほ","9"
"ほひ","9"
"ひぼ","10"
"ぼひ","10"
"ひま","70"
"まひ","70"
"ひみ","33"
"みひ","33"
"ひむ","23"
"むひ","23"
"ひめ","56"
"めひ","56"
"ひも","124"
"もひ","124"
"ひゃ","82"
"ゃひ","82"
"ひや","58"
"やひ","58"
"ひゅ","18"
"ゅひ","18"
"ひゆ","6"
"ゆひ","6"
"ひょ","842"
"ょひ","842"
"ひよ","55"
"よひ","55"
"ひら","228"
"らひ","228"
"ひり","170"
"りひ","170"
"ひる","490"
"るひ","490"
"ひれ","18"
"れひ","18"
"ひろ","376"
"ろひ","376"
"ひわ","11"
"わひ","11"
"ひを","367"
"をひ","367"
"ひん","712"
"んひ","712"
"ひー","166"
"ーひ","166"
"びぃ","2"
"ぃび","2"
"びげ","9"
"げび","9"
"びぜ","5"
"ぜび","5"
"びづ","1"
"づび","1"
"びぬ","2"
"ぬび","2"
"びび","18"
"びふ","24"
"ふび","24"
"びぶ","5"
"ぶび","5"
"びぷ","1"
"ぷび","1"
"びへ","27"
"へび","27"
"びほ","10"
"ほび","10"
"びぼ","5"
"ぼび","5"
"びぽ","4"
"ぽび","4"
"びま","48"
"まび","48"
"びみ","26"
"みび","26"
"びむ","6"
"むび","6"
"びめ","3"
"めび","3"
"びも","75"
"もび","75"
"びゃ","7"
"ゃび","7"
"びや","46"
"やび","46"
"びゅ","91"
"ゅび","91"
"びょ","188"
"ょび","188"
"びよ","252"
"よび","252"
"びら","91"
"らび","91"
"びり","71"
"りび","71"
"びる","74"
"るび","74"
"びれ","158"
"れび","158"
"びろ","24"
"ろび","24"
"びわ","41"
"わび","41"
"びを","106"
"をび","106"
"びん","283"
"んび","283"
"びー","356"
"ーび","356"
"ぴき","9"
"きぴ","9"
"ぴけ","1"
"けぴ","1"
"ぴご","1"
"ごぴ","1"
"ぴざ","3"
"ざぴ","3"
"ぴじ","2"
"じぴ","2"
"ぴせ","1"
"せぴ","1"
"ぴそ","6"
"そぴ","6"
"ぴだ","2"
"だぴ","2"
"ぴつ","44"
"つぴ","44"
"ぴふ","2"
"ふぴ","2"
"ぴほ","1"
"ほぴ","1"
"ぴめ","1"
"めぴ","1"
"ぴも","11"
"もぴ","11"
"ぴゃ","6"
"ゃぴ","6"
"ぴや","2"
"やぴ","2"
"ぴゅ","94"
"ゅぴ","94"
"ぴょ","105"
"ょぴ","105"
"ぴら","41"
"らぴ","41"
"ぴり","29"
"りぴ","29"
"ぴる","15"
"るぴ","15"
"ぴれ","2"
"れぴ","2"
"ぴろ","8"
"ろぴ","8"
"ぴを","14"
"をぴ","14"
"ぴん","260"
"んぴ","260"
"ぴー","127"
"ーぴ","127"
"ふぁ","387"
"ぁふ","387"
"ふぅ","2"
"ぅふ","2"
"ふぉ","91"
"ぉふ","91"
"ふざ","13"
"ざふ","13"
"ふぜ","8"
"ぜふ","8"
"ふぞ","4"
"ぞふ","4"
"ふふ","14"
"ふぶ","14"
"ぶふ","14"
"ふへ","3"
"へふ","3"
"ふべ","15"
"べふ","15"
"ふほ","11"
"ほふ","11"
"ふぼ","6"
"ぼふ","6"
"ふま","90"
"まふ","90"
"ふみ","77"
"みふ","77"
"ふむ","12"
"むふ","12"
"ふめ","33"
"めふ","33"
"ふも","133"
"もふ","133"
"ふや","70"
"やふ","70"
"ふゅ","16"
"ゅふ","16"
"ふゆ","46"
"ゆふ","46"
"ふよ","42"
"よふ","42"
"ふら","200"
"らふ","200"
"ふり","317"
"りふ","317"
"ふる","364"
"るふ","364"
"ふれ","230"
"れふ","230"
"ふろ","61"
"ろふ","61"
"ふわ","11"
"わふ","11"
"ふを","374"
"をふ","374"
"ふん","253"
"んふ","253"
"ふー","82"
"ーふ","82"
"ぶぜ","1"
"ぜぶ","1"
"ぶぞ","1"
"ぞぶ","1"
"ぶぬ","27"
"ぬぶ","27"
"ぶぶ","248"
"ぶぷ","1"
"ぷぶ","1"
"ぶへ","16"
"へぶ","16"
"ぶべ","1"
"べぶ","1"
"ぶほ","5"
"ほぶ","5"
"ぶま","18"
"まぶ","18"
"ぶみ","43"
"みぶ","43"
"ぶむ","56"
"むぶ","56"
"ぶめ","6"
"めぶ","6"
"ぶも","46"
"もぶ","46"
"ぶや","129"
"やぶ","129"
"ぶよ","67"
"よぶ","67"
"ぶら","361"
"らぶ","361"
"ぶり","204"
"りぶ","204"
"ぶる","334"
"るぶ","334"
"ぶれ","76"
"れぶ","76"
"ぶろ","120"
"ろぶ","120"
"ぶわ","7"
"わぶ","7"
"ぶを","87"
"をぶ","87"
"ぶん","2470"
"んぶ","2470"
"ぶー","120"
"ーぶ","120"
"ぷぐ","2"
"ぐぷ","2"
"ぷけ","10"
"けぷ","10"
"ぷぜ","9"
"ぜぷ","9"
"ぷど","1"
"どぷ","1"
"ぷふ","4"
"ふぷ","4"
"ぷぷ","4"
"ぷへ","12"
"へぷ","12"
"ぷぺ","2"
"ぺぷ","2"
"ぷま","15"
"まぷ","15"
"ぷめ","11"
"めぷ","11"
"ぷも","14"
"もぷ","14"
"ぷや","13"
"やぷ","13"
"ぷゆ","1"
"ゆぷ","1"
"ぷよ","62"
"よぷ","62"
"ぷら","169"
"らぷ","169"
"ぷり","180"
"りぷ","180"
"ぷる","72"
"るぷ","72"
"ぷれ","134"
"れぷ","134"
"ぷろ","343"
"ろぷ","343"
"ぷを","72"
"をぷ","72"
"ぷん","343"
"んぷ","343"
"ぷー","181"
"ーぷ","181"
"へぇ","10"
"ぇへ","10"
"へぐ","1"
"ぐへ","1"
"へげ","1"
"げへ","1"
"へさ","2"
"さへ","2"
"へせ","2"
"せへ","2"
"へぜ","1"
"ぜへ","1"
"へへ","4"
"へほ","5"
"ほへ","5"
"へぼ","5"
"ぼへ","5"
"へま","15"
"まへ","15"
"へみ","10"
"みへ","10"
"へむ","28"
"むへ","28"
"へめ","5"
"めへ","5"
"へも","31"
"もへ","31"
"へや","167"
"やへ","167"
"へゆ","3"
"ゆへ","3"
"へよ","5"
"よへ","5"
"へら","48"
"らへ","48"
"へり","18"
"りへ","18"
"へる","92"
"るへ","92"
"へれ","7"
"れへ","7"
"へろ","19"
"ろへ","19"
"へわ","18"
"わへ","18"
"へん","967"
"んへ","967"
"べぇ","2"
"ぇべ","2"
"べぎ","1"
"ぎべ","1"
"べっ","47"
"っべ","47"
"べづ","1"
"づべ","1"
"べべ","2"
"べま","39"
"まべ","39"
"べみ","6"
"みべ","6"
"べめ","2"
"めべ","2"
"べも","27"
"もべ","27"
"べや","15"
"やべ","15"
"べよ","18"
"よべ","18"
"べら","206"
"らべ","206"
"べり","84"
"りべ","84"
"べる","414"
"るべ","414"
"べれ","105"
"れべ","105"
"べろ","9"
"ろべ","9"
"べを","23"
"をべ","23"
"べん","338"
"んべ","338"
"べー","109"
"ーべ","109"
"ぺこ","5"
"こぺ","5"
"ぺし","8"
"しぺ","8"
"ぺぱ","1"
"ぱぺ","1"
"ぺら","11"
"らぺ","11"
"ぺり","10"
"りぺ","10"
"ぺる","16"
"るぺ","16"
"ぺれ","6"
"れぺ","6"
"ぺろ","6"
"ろぺ","6"
"ぺん","148"
"んぺ","148"
"ぺー","218"
"ーぺ","218"
"ほぞ","45"
"ぞほ","45"
"ほっ","99"
"っほ","99"
"ほね","11"
"ねほ","11"
"ほほ","12"
"ほぼ","49"
"ぼほ","49"
"ほま","54"
"まほ","54"
"ほみ","23"
"みほ","23"
"ほむ","21"
"むほ","21"
"ほめ","30"
"めほ","30"
"ほも","45"
"もほ","45"
"ほや","32"
"やほ","32"
"ほゆ","19"
"ゆほ","19"
"ほよ","23"
"よほ","23"
"ほら","64"
"らほ","64"
"ほり","100"
"りほ","100"
"ほる","221"
"るほ","221"
"ほれ","40"
"れほ","40"
"ほろ","26"
"ろほ","26"
"ほわ","9"
"わほ","9"
"ほを","166"
"をほ","166"
"ほん","2016"
"んほ","2016"
"ほー","112"
"ーほ","112"
"ぼぜ","4"
"ぜぼ","4"
"ぼっ","131"
"っぼ","131"
"ぼぶ","2"
"ぶぼ","2"
"ぼま","8"
"まぼ","8"
"ぼみ","2"
"みぼ","2"
"ぼむ","6"
"むぼ","6"
"ぼも","14"
"もぼ","14"
"ぼや","18"
"やぼ","18"
"ぼゆ","1"
"ゆぼ","1"
"ぼら","29"
"らぼ","29"
"ぼり","59"
"りぼ","59"
"ぼる","80"
"るぼ","80"
"ぼれ","14"
"れぼ","14"
"ぼろ","50"
"ろぼ","50"
"ぼわ","3"
"わぼ","3"
"ぼを","33"
"をぼ","33"
"ぼん","208"
"んぼ","208"
"ぼー","152"
"ーぼ","152"
"ぽぜ","1"
"ぜぽ","1"
"ぽだ","2"
"だぽ","2"
"ぽぬ","1"
"ぬぽ","1"
"ぽひ","1"
"ひぽ","1"
"ぽぴ","3"
"ぴぽ","3"
"ぽぶ","2"
"ぶぽ","2"
"ぽぷ","2"
"ぷぽ","2"
"ぽへ","2"
"へぽ","2"
"ぽぽ","2"
"ぽみ","1"
"みぽ","1"
"ぽも","18"
"もぽ","18"
"ぽや","10"
"やぽ","10"
"ぽら","12"
"らぽ","12"
"ぽり","194"
"りぽ","194"
"ぽる","30"
"るぽ","30"
"ぽれ","20"
"れぽ","20"
"ぽろ","16"
"ろぽ","16"
"ぽわ","1"
"わぽ","1"
"ぽを","18"
"をぽ","18"
"ぽん","346"
"んぽ","346"
"ぽー","192"
"ーぽ","192"
"まぁ","29"
"ぁま","29"
"まぇ","1"
"ぇま","1"
"まぴ","1"
"ぴま","1"
"まぺ","1"
"ぺま","1"
"まま","604"
"まみ","230"
"みま","230"
"まむ","23"
"むま","23"
"まめ","76"
"めま","76"
"まも","319"
"もま","319"
"まや","494"
"やま","494"
"まゆ","20"
"ゆま","20"
"まよ","58"
"よま","58"
"まら","246"
"らま","246"
"まり","2197"
"りま","2197"
"まる","671"
"るま","671"
"まれ","886"
"れま","886"
"まろ","59"
"ろま","59"
"まわ","256"
"わま","256"
"まを","360"
"をま","360"
"まん","952"
"んま","952"
"まー","292"
"ーま","292"
"みっ","129"
"っみ","129"
"みぬ","7"
"ぬみ","7"
"みね","15"
"ねみ","15"
"みぱ","4"
"ぱみ","4"
"みぺ","3"
"ぺみ","3"
"みみ","118"
"みむ","5"
"むみ","5"
"みめ","13"
"めみ","13"
"みも","167"
"もみ","167"
"みゃ","21"
"ゃみ","21"
"みや","242"
"やみ","242"
"みゅ","119"
"ゅみ","119"
"みゆ","34"
"ゆみ","34"
"みょ","84"
"ょみ","84"
"みよ","194"
"よみ","194"
"みら","255"
"らみ","255"
"みり","97"
"りみ","97"
"みる","375"
"るみ","375"
"みれ","83"
"れみ","83"
"みろ","47"
"ろみ","47"
"みわ","23"
"わみ","23"
"みを","845"
"をみ","845"
"みん","652"
"んみ","652"
"みー","61"
"ーみ","61"
"むぅ","1"
"ぅむ","1"
"むぜ","2"
"ぜむ","2"
"むづ","15"
"づむ","15"
"むぴ","1"
"ぴむ","1"
"むぷ","1"
"ぷむ","1"
"むべ","8"
"べむ","8"
"むぺ","31"
"ぺむ","31"
"むむ","24"
"むめ","26"
"めむ","26"
"むも","84"
"もむ","84"
"むや","44"
"やむ","44"
"むゆ","2"
"ゆむ","2"
"むよ","69"
"よむ","69"
"むら","314"
"らむ","314"
"むり","154"
"りむ","154"
"むる","34"
"るむ","34"
"むれ","16"
"れむ","16"
"むろ","27"
"ろむ","27"
"むわ","24"
"わむ","24"
"むを","236"
"をむ","236"
"むん","47"
"んむ","47"
"むー","521"
"ーむ","521"
"めぜ","2"
"ぜめ","2"
"めね","3"
"ねめ","3"
"めぺ","1"
"ぺめ","1"
"めぼ","5"
"ぼめ","5"
"めも","127"
"もめ","127"
"めや","205"
"やめ","205"
"めゆ","53"
"ゆめ","53"
"めよ","61"
"よめ","61"
"めら","296"
"らめ","296"
"めり","159"
"りめ","159"
"める","561"
"るめ","561"
"めれ","18"
"れめ","18"
"めろ","116"
"ろめ","116"
"めわ","56"
"わめ","56"
"めを","303"
"をめ","303"
"めん","1112"
"んめ","1112"
"めー","716"
"ーめ","716"
"もぉ","5"
"ぉも","5"
"もぞ","16"
"ぞも","16"
"もっ","916"
"っも","916"
"もぱ","5"
"ぱも","5"
"もぺ","1"
"ぺも","1"
"もも","232"
"もや","135"
"やも","135"
"もゆ","35"
"ゆも","35"
"もよ","243"
"よも","243"
"もら","483"
"らも","483"
"もり","513"
"りも","513"
"もる","457"
"るも","457"
"もれ","306"
"れも","306"
"もろ","92"
"ろも","92"
"もわ","278"
"わも","278"
"もを","656"
"をも","656"
"もん","1585"
"んも","1585"
"もー","122"
"ーも","122"
"ゃ。","80"
"。ゃ","80"
"ゃ〓","206"
"〓ゃ","206"
"ゃぁ","5"
"ぁゃ","5"
"ゃあ","66"
"あゃ","66"
"ゃい","156"
"いゃ","156"
"ゃう","37"
"うゃ","37"
"ゃえ","7"
"えゃ","7"
"ゃお","22"
"おゃ","22"
"ゃか","257"
"かゃ","257"
"ゃが","248"
"がゃ","248"
"ゃく","788"
"くゃ","788"
"ゃぐ","8"
"ぐゃ","8"
"ゃけ","27"
"けゃ","27"
"ゃこ","15"
"こゃ","15"
"ゃご","4"
"ごゃ","4"
"ゃさ","46"
"さゃ","46"
"ゃざ","9"
"ざゃ","9"
"ゃす","38"
"すゃ","38"
"ゃず","4"
"ずゃ","4"
"ゃせ","30"
"せゃ","30"
"ゃぜ","7"
"ぜゃ","7"
"ゃそ","10"
"そゃ","10"
"ゃた","32"
"たゃ","32"
"ゃだ","27"
"だゃ","27"
"ゃっ","190"
"っゃ","190"
"ゃつ","33"
"つゃ","33"
"ゃづ","1"
"づゃ","1"
"ゃて","4"
"てゃ","4"
"ゃで","79"
"でゃ","79"
"ゃと","145"
"とゃ","145"
"ゃど","18"
"どゃ","18"
"ゃな","343"
"なゃ","343"
"ゃね","17"
"ねゃ","17"
"ゃの","414"
"のゃ","414"
"ゃは","186"
"はゃ","186"
"ゃば","11"
"ばゃ","11"
"ゃぱ","16"
"ぱゃ","16"
"ゃふ","6"
"ふゃ","6"
"ゃぶ","3"
"ぶゃ","3"
"ゃぷ","10"
"ぷゃ","10"
"ゃへ","14"
"へゃ","14"
"ゃべ","40"
"べゃ","40"
"ゃほ","18"
"ほゃ","18"
"ゃぼ","2"
"ぼゃ","2"
"ゃぽ","2"
"ぽゃ","2"
"ゃま","29"
"まゃ","29"
"ゃむ","28"
"むゃ","28"
"ゃめ","15"
"めゃ","15"
"ゃも","54"
"もゃ","54"
"ゃや","43"
"やゃ","43"
"ゃゆ","1"
"ゆゃ","1"
"ゃよ","12"
"よゃ","12"
"ゃら","76"
"らゃ","76"
"ゃり","235"
"りゃ","235"
"ゃる","38"
"るゃ","38"
"ゃれ","39"
"れゃ","39"
"ゃろ","3"
"ろゃ","3"
"ゃわ","26"
"わゃ","26"
"ゃを","113"
"をゃ","113"
"ゃん","436"
"んゃ","436"
"ゃー","135"
"ーゃ","135"
"やぢ","21"
"ぢや","21"
"やっ","446"
"っや","446"
"やや","116"
"やゆ","33"
"ゆや","33"
"やよ","45"
"よや","45"
"やら","185"
"らや","185"
"やり","287"
"りや","287"
"やる","215"
"るや","215"
"やれ","57"
"れや","57"
"やろ","89"
"ろや","89"
"やわ","51"
"わや","51"
"やを","227"
"をや","227"
"やん","508"
"んや","508"
"やー","89"
"ーや","89"
"ゅ。","26"
"。ゅ","26"
"ゅ〓","78"
"〓ゅ","78"
"ゅあ","51"
"あゅ","51"
"ゅい","13"
"いゅ","13"
"ゅう","5998"
"うゅ","5998"
"ゅえ","23"
"えゅ","23"
"ゅお","32"
"おゅ","32"
"ゅか","21"
"かゅ","21"
"ゅが","37"
"がゅ","37"
"ゅく","168"
"くゅ","168"
"ゅけ","39"
"けゅ","39"
"ゅげ","1"
"げゅ","1"
"ゅこ","13"
"こゅ","13"
"ゅご","3"
"ごゅ","3"
"ゅさ","35"
"さゅ","35"
"ゅざ","21"
"ざゅ","21"
"ゅす","13"
"すゅ","13"
"ゅせ","14"
"せゅ","14"
"ゅぜ","4"
"ぜゅ","4"
"ゅそ","6"
"そゅ","6"
"ゅぞ","1"
"ぞゅ","1"
"ゅた","42"
"たゅ","42"
"ゅだ","56"
"だゅ","56"
"ゅっ","218"
"っゅ","218"
"ゅつ","529"
"つゅ","529"
"ゅて","5"
"てゅ","5"
"ゅと","121"
"とゅ","121"
"ゅど","17"
"どゅ","17"
"ゅな","40"
"なゅ","40"
"ゅね","1"
"ねゅ","1"
"ゅの","105"
"のゅ","105"
"ゅは","44"
"はゅ","44"
"ゅば","2"
"ばゅ","2"
"ゅぶ","10"
"ぶゅ","10"
"ゅぷ","4"
"ぷゅ","4"
"ゅへ","2"
"へゅ","2"
"ゅべ","1"
"べゅ","1"
"ゅぺ","2"
"ぺゅ","2"
"ゅほ","51"
"ほゅ","51"
"ゅぼ","11"
"ぼゅ","11"
"ゅま","1"
"まゅ","1"
"ゅめ","70"
"めゅ","70"
"ゅも","20"
"もゅ","20"
"ゅや","16"
"やゅ","16"
"ゅよ","54"
"よゅ","54"
"ゅら","26"
"らゅ","26"
"ゅり","755"
"りゅ","755"
"ゅる","71"
"るゅ","71"
"ゅれ","6"
"れゅ","6"
"ゅろ","1"
"ろゅ","1"
"ゅわ","73"
"わゅ","73"
"ゅを","35"
"をゅ","35"
"ゅん","596"
"んゅ","596"
"ゅヴ","1"
"ヴゅ","1"
"ゅー","438"
"ーゅ","438"
"ゆげ","12"
"げゆ","12"
"ゆざ","1"
"ざゆ","1"
"ゆっ","38"
"っゆ","38"
"ゆび","56"
"びゆ","56"
"ゆぶ","2"
"ぶゆ","2"
"ゆら","58"
"らゆ","58"
"ゆり","161"
"りゆ","161"
"ゆる","204"
"るゆ","204"
"ゆれ","23"
"れゆ","23"
"ゆを","120"
"をゆ","120"
"ゆー","141"
"ーゆ","141"
"ょ。","82"
"。ょ","82"
"ょあ","5"
"あょ","5"
"ょい","133"
"いょ","133"
"ょう","15033"
"うょ","15033"
"ょえ","1"
"えょ","1"
"ょお","21"
"おょ","21"
"ょか","121"
"かょ","121"
"ょが","90"
"がょ","90"
"ょく","1885"
"くょ","1885"
"ょぐ","10"
"ぐょ","10"
"ょけ","16"
"けょ","16"
"ょげ","12"
"げょ","12"
"ょこ","176"
"こょ","176"
"ょご","3"
"ごょ","3"
"ょさ","314"
"さょ","314"
"ょざ","7"
"ざょ","7"
"ょす","56"
"すょ","56"
"ょず","7"
"ずょ","7"
"ょせ","175"
"せょ","175"
"ょぜ","6"
"ぜょ","6"
"ょそ","23"
"そょ","23"
"ょぞ","39"
"ぞょ","39"
"ょた","9"
"たょ","9"
"ょだ","75"
"だょ","75"
"ょっ","384"
"っょ","384"
"ょつ","2"
"つょ","2"
"ょて","51"
"てょ","51"
"ょで","84"
"でょ","84"
"ょと","63"
"とょ","63"
"ょど","10"
"どょ","10"
"ょな","44"
"なょ","44"
"ょね","15"
"ねょ","15"
"ょの","194"
"のょ","194"
"ょは","128"
"はょ","128"
"ょば","82"
"ばょ","82"
"ょふ","2"
"ふょ","2"
"ょぶ","54"
"ぶょ","54"
"ょぷ","2"
"ぷょ","2"
"ょへ","6"
"へょ","6"
"ょべ","2"
"べょ","2"
"ょほ","27"
"ほょ","27"
"ょぼ","7"
"ぼょ","7"
"ょま","16"
"まょ","16"
"ょむ","2"
"むょ","2"
"ょめ","25"
"めょ","25"
"ょも","32"
"もょ","32"
"ょや","16"
"やょ","16"
"ょゆ","41"
"ゆょ","41"
"ょよ","21"
"よょ","21"
"ょら","2"
"らょ","2"
"ょり","2153"
"りょ","2153"
"ょる","21"
"るょ","21"
"ょれ","3"
"れょ","3"
"ょろ","11"
"ろょ","11"
"ょを","85"
"をょ","85"
"ょん","330"
"んょ","330"
"ょヴ","1"
"ヴょ","1"
"ょー","62"
"ーょ","62"
"よぅ","1"
"ぅよ","1"
"よぉ","4"
"ぉよ","4"
"よっ","328"
"っよ","328"
"よぼ","49"
"ぼよ","49"
"よぽ","2"
"ぽよ","2"
"よゆ","22"
"ゆよ","22"
"よよ","4"
"よら","53"
"らよ","53"
"より","1051"
"りよ","1051"
"よる","1105"
"るよ","1105"
"よれ","78"
"れよ","78"
"よろ","288"
"ろよ","288"
"よわ","76"
"わよ","76"
"よを","258"
"をよ","258"
"よん","544"
"んよ","544"
"よー","98"
"ーよ","98"
"らら","32"
"らり","109"
"りら","109"
"らる","121"
"るら","121"
"られ","1375"
"れら","1375"
"らろ","18"
"ろら","18"
"らわ","757"
"わら","757"
"らを","150"
"をら","150"
"らん","1014"
"んら","1014"
"らヴ","3"
"ヴら","3"
"らー","253"
"ーら","253"
"りっ","413"
"っり","413"
"りり","128"
"りる","116"
"るり","116"
"りれ","32"
"れり","32"
"りろ","39"
"ろり","39"
"りわ","564"
"わり","564"
"りを","458"
"をり","458"
"りん","1199"
"んり","1199"
"りヴ","2"
"ヴり","2"
"りー","659"
"ーり","659"
"るぅ","2"
"ぅる","2"
"るっ","76"
"っる","76"
"るづ","4"
"づる","4"
"るる","10"
"るれ","1481"
"れる","1481"
"るろ","19"
"ろる","19"
"るわ","548"
"わる","548"
"るを","300"
"をる","300"
"るん","398"
"んる","398"
"るヴ","3"
"ヴる","3"
"るー","1247"
"ーる","1247"
"れぜ","26"
"ぜれ","26"
"れね","4"
"ねれ","4"
"れれ","72"
"れわ","875"
"われ","875"
"れを","389"
"をれ","389"
"れん","1105"
"んれ","1105"
"れヴ","1"
"ヴれ","1"
"れー","373"
"ーれ","373"
"ろっ","146"
"っろ","146"
"ろづ","13"
"づろ","13"
"ろぬ","2"
"ぬろ","2"
"ろゆ","8"
"ゆろ","8"
"ろれ","14"
"れろ","14"
"ろろ","14"
"ろわ","22"
"わろ","22"
"ろを","124"
"をろ","124"
"ろん","687"
"んろ","687"
"ろー","301"
"ーろ","301"
"わぁ","3"
"ぁわ","3"
"わげ","6"
"げわ","6"
"わっ","268"
"っわ","268"
"わゆ","69"
"ゆわ","69"
"わわ","68"
"わを","193"
"をわ","193"
"わん","339"
"んわ","339"
"わー","302"
"ーわ","302"
"をぞ","16"
"ぞを","16"
"をへ","76"
"へを","76"
"をぺ","1"
"ぺを","1"
"をを","2"
"をヴ","5"
"ヴを","5"
"んっ","75"
"っん","75"
"んづ","21"
"づん","21"
"んゆ","73"
"ゆん","73"
"んを","2043"
"をん","2043"
"んん","2"
"んー","219"
"ーん","219"
"ヴぁ","46"
"ぁヴ","46"
"ヴぃ","8"
"ぃヴ","8"
"ヴぇ","7"
"ぇヴ","7"
"ヴぉ","1"
"ぉヴ","1"
"ヴさ","1"
"さヴ","1"
"ヴで","2"
"でヴ","2"
"ヴに","1"
"にヴ","1"
"ヴろ","1"
"ろヴ","1"
"ー。","171"
"。ー","171"
"ーっ","29"
"っー","29"
"ーへ","19"
"へー","19"
"ーを","264"
"をー","264"
"ーヴ","10"
"ヴー","10"
"ーー","62"
"。ぢ","0"
"。づ","0"
"ぁぃ","0"
"ぁぅ","0"
"ぁう","0"
"ぁぇ","0"
"ぁえ","0"
"ぁぉ","0"
"ぁが","0"
"ぁぎ","0"
"ぁぐ","0"
"ぁげ","0"
"ぁご","0"
"ぁず","0"
"ぁせ","0"
"ぁぞ","0"
"ぁち","0"
"ぁぢ","0"
"ぁづ","0"
"ぁど","0"
"ぁね","0"
"ぁの","0"
"ぁば","0"
"ぁぱ","0"
"ぁひ","0"
"ぁび","0"
"ぁぴ","0"
"ぁぷ","0"
"ぁへ","0"
"ぁぺ","0"
"ぁほ","0"
"ぁぼ","0"
"ぁぽ","0"
"ぁむ","0"
"ぁも","0"
"ぁゅ","0"
"ぁゆ","0"
"ぁょ","0"
"ぁを","0"
"あぅ","0"
"あぢ","0"
"ぃぁ","0"
"ぃぇ","0"
"ぃえ","0"
"ぃげ","0"
"ぃご","0"
"ぃぢ","0"
"ぃづ","0"
"ぃひ","0"
"ぃぴ","0"
"ぃぷ","0"
"ぃべ","0"
"ぃぺ","0"
"ぃむ","0"
"ぃめ","0"
"ぃゃ","0"
"ぃゅ","0"
"ぃゆ","0"
"ぃょ","0"
"ぃわ","0"
"いぅ","0"
"いぢ","0"
"ぅぁ","0"
"ぅあ","0"
"ぅい","0"
"ぅぇ","0"
"ぅえ","0"
"ぅぉ","0"
"ぅお","0"
"ぅき","0"
"ぅぎ","0"
"ぅけ","0"
"ぅげ","0"
"ぅこ","0"
"ぅご","0"
"ぅさ","0"
"ぅざ","0"
"ぅし","0"
"ぅじ","0"
"ぅす","0"
"ぅず","0"
"ぅせ","0"
"ぅぜ","0"
"ぅそ","0"
"ぅぞ","0"
"ぅた","0"
"ぅだ","0"
"ぅち","0"
"ぅぢ","0"
"ぅつ","0"
"ぅづ","0"
"ぅて","0"
"ぅで","0"
"ぅな","0"
"ぅぬ","0"
"ぅね","0"
"ぅば","0"
"ぅぱ","0"
"ぅひ","0"
"ぅび","0"
"ぅぴ","0"
"ぅぶ","0"
"ぅぷ","0"
"ぅへ","0"
"ぅべ","0"
"ぅぺ","0"
"ぅほ","0"
"ぅぼ","0"
"ぅぽ","0"
"ぅま","0"
"ぅみ","0"
"ぅめ","0"
"ぅも","0"
"ぅゃ","0"
"ぅや","0"
"ぅゅ","0"
"ぅゆ","0"
"ぅょ","0"
"ぅら","0"
"ぅり","0"
"ぅれ","0"
"ぅろ","0"
"ぅわ","0"
"ぅを","0"
"ぅん","0"
"ぅヴ","0"
"うぁ","0"
"うぢ","0"
"ぇぁ","0"
"ぇぃ","0"
"ぇぅ","0"
"ぇぇ","0"
"ぇぉ","0"
"ぇが","0"
"ぇぎ","0"
"ぇぐ","0"
"ぇご","0"
"ぇざ","0"
"ぇず","0"
"ぇた","0"
"ぇだ","0"
"ぇぢ","0"
"ぇづ","0"
"ぇど","0"
"ぇぬ","0"
"ぇば","0"
"ぇび","0"
"ぇぴ","0"
"ぇぷ","0"
"ぇぺ","0"
"ぇぼ","0"
"ぇみ","0"
"ぇめ","0"
"ぇゃ","0"
"ぇゅ","0"
"ぇゆ","0"
"ぇょ","0"
"ぇれ","0"
"ぇわ","0"
"えぁ","0"
"えぃ","0"
"えぅ","0"
"えぉ","0"
"えぱ","0"
"えぺ","0"
"えヴ","0"
"ぉぁ","0"
"ぉぅ","0"
"ぉぇ","0"
"ぉえ","0"
"ぉが","0"
"ぉき","0"
"ぉぎ","0"
"ぉぐ","0"
"ぉけ","0"
"ぉげ","0"
"ぉこ","0"
"ぉご","0"
"ぉさ","0"
"ぉざ","0"
"ぉし","0"
"ぉじ","0"
"ぉす","0"
"ぉず","0"
"ぉせ","0"
"ぉぜ","0"
"ぉそ","0"
"ぉた","0"
"ぉだ","0"
"ぉち","0"
"ぉぢ","0"
"ぉづ","0"
"ぉて","0"
"ぉど","0"
"ぉな","0"
"ぉに","0"
"ぉぬ","0"
"ぉね","0"
"ぉは","0"
"ぉば","0"
"ぉぱ","0"
"ぉひ","0"
"ぉび","0"
"ぉぴ","0"
"ぉぶ","0"
"ぉぷ","0"
"ぉへ","0"
"ぉべ","0"
"ぉぺ","0"
"ぉほ","0"
"ぉぼ","0"
"ぉぽ","0"
"ぉみ","0"
"ぉむ","0"
"ぉゃ","0"
"ぉや","0"
"ぉゅ","0"
"ぉゆ","0"
"ぉょ","0"
"ぉわ","0"
"ぉを","0"
"おぅ","0"
"おぢ","0"
"おぽ","0"
"おヴ","0"
"がぁ","0"
"がぇ","0"
"がぉ","0"
"がづ","0"
"がヴ","0"
"きぅ","0"
"きぉ","0"
"きぢ","0"
"きヴ","0"
"ぎぁ","0"
"ぎぅ","0"
"ぎぇ","0"
"ぎぉ","0"
"ぎぎ","0"
"ぎげ","0"
"ぎぢ","0"
"ぎぱ","0"
"ぎぴ","0"
"ぎぺ","0"
"ぎぽ","0"
"ぎヴ","0"
"くぢ","0"
"くヴ","0"
"ぐぁ","0"
"ぐぇ","0"
"ぐぉ","0"
"ぐぢ","0"
"ぐづ","0"
"ぐぴ","0"
"ぐゅ","0"
"ぐヴ","0"
"けぅ","0"
"けぉ","0"
"けぢ","0"
"けへ","0"
"けヴ","0"
"げぁ","0"
"げぃ","0"
"げぅ","0"
"げぉ","0"
"げぎ","0"
"げぢ","0"
"げづ","0"
"げね","0"
"げぴ","0"
"げぷ","0"
"げぽ","0"
"げゃ","0"
"げヴ","0"
"こぅ","0"
"こぉ","0"
"こヴ","0"
"ごぁ","0"
"ごぃ","0"
"ごぅ","0"
"ごぇ","0"
"ごぉ","0"
"ごぢ","0"
"ごづ","0"
"ごぽ","0"
"ごヴ","0"
"さぅ","0"
"さぉ","0"
"さづ","0"
"ざぅ","0"
"ざぇ","0"
"ざぉ","0"
"ざざ","0"
"ざぜ","0"
"ざぞ","0"
"ざぢ","0"
"ざづ","0"
"ざぬ","0"
"ざぱ","0"
"ざぷ","0"
"ざぺ","0"
"ざぼ","0"
"ざれ","0"
"ざヴ","0"
"しぅ","0"
"しぉ","0"
"しヴ","0"
"じぅ","0"
"じぉ","0"
"じヴ","0"
"すぅ","0"
"すぉ","0"
"すぢ","0"
"すヴ","0"
"ずぁ","0"
"ずぅ","0"
"ずぇ","0"
"ずぉ","0"
"ずず","0"
"ずぞ","0"
"ずぢ","0"
"ずづ","0"
"ずぴ","0"
"ずぺ","0"
"ずゅ","0"
"ずヴ","0"
"せぁ","0"
"せぅ","0"
"せぉ","0"
"せぢ","0"
"せぺ","0"
"せゆ","0"
"せヴ","0"
"ぜぅ","0"
"ぜぉ","0"
"ぜざ","0"
"ぜぜ","0"
"ぜぞ","0"
"ぜぢ","0"
"ぜづ","0"
"ぜぬ","0"
"ぜぴ","0"
"ぜぺ","0"
"ぜわ","0"
"ぜヴ","0"
"そぅ","0"
"そぉ","0"
"そぞ","0"
"そぢ","0"
"そづ","0"
"そぺ","0"
"そヴ","0"
"ぞぁ","0"
"ぞぅ","0"
"ぞざ","0"
"ぞず","0"
"ぞぜ","0"
"ぞそ","0"
"ぞぞ","0"
"ぞぢ","0"
"ぞづ","0"
"ぞど","0"
"ぞね","0"
"ぞぱ","0"
"ぞひ","0"
"ぞび","0"
"ぞぴ","0"
"ぞへ","0"
"ぞべ","0"
"ぞぺ","0"
"ぞぼ","0"
"ぞぽ","0"
"ぞゃ","0"
"ぞヴ","0"
"たぅ","0"
"たぇ","0"
"たぉ","0"
"たぢ","0"
"だぅ","0"
"だぇ","0"
"だぉ","0"
"だぢ","0"
"ちぁ","0"
"ちぅ","0"
"ちぉ","0"
"ぢ。","0"
"ぢぁ","0"
"ぢあ","0"
"ぢぃ","0"
"ぢい","0"
"ぢぅ","0"
"ぢう","0"
"ぢぇ","0"
"ぢぉ","0"
"ぢお","0"
"ぢき","0"
"ぢぎ","0"
"ぢく","0"
"ぢぐ","0"
"ぢけ","0"
"ぢげ","0"
"ぢご","0"
"ぢざ","0"
"ぢす","0"
"ぢず","0"
"ぢせ","0"
"ぢぜ","0"
"ぢそ","0"
"ぢぞ","0"
"ぢた","0"
"ぢだ","0"
"ぢぢ","0"
"ぢっ","0"
"ぢつ","0"
"ぢづ","0"
"ぢで","0"
"ぢと","0"
"ぢど","0"
"ぢぬ","0"
"ぢね","0"
"ぢば","0"
"ぢぱ","0"
"ぢひ","0"
"ぢび","0"
"ぢぴ","0"
"ぢふ","0"
"ぢぶ","0"
"ぢぷ","0"
"ぢへ","0"
"ぢべ","0"
"ぢぺ","0"
"ぢほ","0"
"ぢぼ","0"
"ぢぽ","0"
"ぢむ","0"
"ぢゅ","0"
"ぢゆ","0"
"ぢょ","0"
"ぢよ","0"
"ぢら","0"
"ぢる","0"
"ぢれ","0"
"ぢろ","0"
"ぢわ","0"
"ぢヴ","0"
"ぢー","0"
"っぢ","0"
"っヴ","0"
"つぅ","0"
"つぢ","0"
"つヴ","0"
"づ。","0"
"づぁ","0"
"づぃ","0"
"づぅ","0"
"づぇ","0"
"づぉ","0"
"づが","0"
"づぐ","0"
"づげ","0"
"づご","0"
"づさ","0"
"づざ","0"
"づず","0"
"づぜ","0"
"づそ","0"
"づぞ","0"
"づぢ","0"
"づづ","0"
"づど","0"
"づは","0"
"づぴ","0"
"づふ","0"
"づぶ","0"
"づぷ","0"
"づへ","0"
"づぺ","0"
"づほ","0"
"づぼ","0"
"づぽ","0"
"づや","0"
"づゅ","0"
"づゆ","0"
"づょ","0"
"づヴ","0"
"づー","0"
"てぅ","0"
"てぉ","0"
"でぅ","0"
"でぢ","0"
"とぢ","0"
"どぁ","0"
"どぇ","0"
"どぉ","0"
"どぞ","0"
"どぢ","0"
"どづ","0"
"どぴ","0"
"どぺ","0"
"なぅ","0"
"なぉ","0"
"なヴ","0"
"にぉ","0"
"ぬぅ","0"
"ぬぇ","0"
"ぬぉ","0"
"ぬざ","0"
"ぬぜ","0"
"ぬぢ","0"
"ぬぱ","0"
"ぬぴ","0"
"ぬぷ","0"
"ぬへ","0"
"ぬべ","0"
"ぬぺ","0"
"ぬむ","0"
"ぬゃ","0"
"ぬゅ","0"
"ぬょ","0"
"ぬヴ","0"
"ねぁ","0"
"ねぅ","0"
"ねぉ","0"
"ねげ","0"
"ねぞ","0"
"ねぢ","0"
"ねね","0"
"ねぴ","0"
"ねべ","0"
"ねぺ","0"
"ねぽ","0"
"ねヴ","0"
"のぁ","0"
"はぉ","0"
"はづ","0"
"ばぁ","0"
"ばぅ","0"
"ばぇ","0"
"ばぉ","0"
"ばぢ","0"
"ばぴ","0"
"ばヴ","0"
"ぱぁ","0"
"ぱぅ","0"
"ぱえ","0"
"ぱぉ","0"
"ぱぎ","0"
"ぱざ","0"
"ぱぞ","0"
"ぱぢ","0"
"ぱぬ","0"
"ぱほ","0"
"ぱぼ","0"
"ぱぽ","0"
"ぱめ","0"
"ぱゅ","0"
"ぱゆ","0"
"ぱょ","0"
"ぱよ","0"
"ぱヴ","0"
"ひぁ","0"
"ひぃ","0"
"ひぅ","0"
"ひぉ","0"
"ひぞ","0"
"ひぢ","0"
"ひぴ","0"
"ひぺ","0"
"ひヴ","0"
"びぁ","0"
"びぅ","0"
"びぇ","0"
"びぉ","0"
"びぞ","0"
"びぢ","0"
"びぴ","0"
"びべ","0"
"びぺ","0"
"びヴ","0"
"ぴぁ","0"
"ぴぃ","0"
"ぴぅ","0"
"ぴぇ","0"
"ぴぉ","0"
"ぴぎ","0"
"ぴぐ","0"
"ぴげ","0"
"ぴず","0"
"ぴぜ","0"
"ぴぞ","0"
"ぴぢ","0"
"ぴづ","0"
"ぴど","0"
"ぴぬ","0"
"ぴね","0"
"ぴば","0"
"ぴひ","0"
"ぴび","0"
"ぴぴ","0"
"ぴぶ","0"
"ぴぷ","0"
"ぴへ","0"
"ぴべ","0"
"ぴぺ","0"
"ぴぼ","0"
"ぴみ","0"
"ぴゆ","0"
"ぴよ","0"
"ぴわ","0"
"ぴヴ","0"
"ふぢ","0"
"ふづ","0"
"ふぺ","0"
"ふぽ","0"
"ふヴ","0"
"ぶぅ","0"
"ぶぉ","0"
"ぶぢ","0"
"ぶづ","0"
"ぶぴ","0"
"ぶぺ","0"
"ぶヴ","0"
"ぷぁ","0"
"ぷぃ","0"
"ぷぅ","0"
"ぷぇ","0"
"ぷぉ","0"
"ぷげ","0"
"ぷざ","0"
"ぷぢ","0"
"ぷづ","0"
"ぷぬ","0"
"ぷぴ","0"
"ぷべ","0"
"ぷほ","0"
"ぷぼ","0"
"ぷみ","0"
"ぷわ","0"
"ぷヴ","0"
"へぁ","0"
"へぅ","0"
"へぉ","0"
"へけ","0"
"へぞ","0"
"へぢ","0"
"へづ","0"
"へぬ","0"
"へぴ","0"
"へべ","0"
"へぺ","0"
"へヴ","0"
"べぃ","0"
"べぅ","0"
"べぉ","0"
"べぞ","0"
"べぢ","0"
"べぬ","0"
"べね","0"
"べび","0"
"べぴ","0"
"べぷ","0"
"べへ","0"
"べぺ","0"
"べほ","0"
"べぼ","0"
"べぽ","0"
"べゆ","0"
"べわ","0"
"べヴ","0"
"ぺぁ","0"
"ぺぃ","0"
"ぺぅ","0"
"ぺぇ","0"
"ぺえ","0"
"ぺぉ","0"
"ぺぎ","0"
"ぺざ","0"
"ぺず","0"
"ぺせ","0"
"ぺぜ","0"
"ぺそ","0"
"ぺぞ","0"
"ぺぢ","0"
"ぺづ","0"
"ぺど","0"
"ぺぬ","0"
"ぺね","0"
"ぺひ","0"
"ぺび","0"
"ぺぴ","0"
"ぺふ","0"
"ぺぶ","0"
"ぺへ","0"
"ぺべ","0"
"ぺぺ","0"
"ぺほ","0"
"ぺぼ","0"
"ぺぽ","0"
"ぺゃ","0"
"ぺや","0"
"ぺゆ","0"
"ぺょ","0"
"ぺよ","0"
"ぺわ","0"
"ぺヴ","0"
"ほぁ","0"
"ほぅ","0"
"ほぉ","0"
"ほぢ","0"
"ほづ","0"
"ほぱ","0"
"ほぷ","0"
"ほべ","0"
"ほぺ","0"
"ほぽ","0"
"ほヴ","0"
"ぼぁ","0"
"ぼぅ","0"
"ぼぇ","0"
"ぼぉ","0"
"ぼざ","0"
"ぼぞ","0"
"ぼぢ","0"
"ぼづ","0"
"ぼぱ","0"
"ぼぴ","0"
"ぼぷ","0"
"ぼべ","0"
"ぼぺ","0"
"ぼぼ","0"
"ぼぽ","0"
"ぼヴ","0"
"ぽぁ","0"
"ぽぅ","0"
"ぽぉ","0"
"ぽお","0"
"ぽぎ","0"
"ぽげ","0"
"ぽご","0"
"ぽぞ","0"
"ぽぢ","0"
"ぽづ","0"
"ぽね","0"
"ぽぱ","0"
"ぽふ","0"
"ぽべ","0"
"ぽぺ","0"
"ぽほ","0"
"ぽぼ","0"
"ぽま","0"
"ぽむ","0"
"ぽめ","0"
"ぽゅ","0"
"ぽゆ","0"
"ぽょ","0"
"ぽヴ","0"
"まぅ","0"
"まぽ","0"
"まヴ","0"
"みぅ","0"
"みぇ","0"
"みぉ","0"
"みぴ","0"
"みぷ","0"
"みヴ","0"
"むぁ","0"
"むぃ","0"
"むぉ","0"
"むぢ","0"
"むぬ","0"
"むぽ","0"
"むゅ","0"
"むヴ","0"
"めぃ","0"
"めぅ","0"
"めぇ","0"
"めぱ","0"
"めぽ","0"
"めめ","0"
"めヴ","0"
"もぁ","0"
"もぅ","0"
"もヴ","0"
"ゃぃ","0"
"ゃぅ","0"
"ゃぇ","0"
"ゃぉ","0"
"ゃげ","0"
"ゃぞ","0"
"ゃぬ","0"
"ゃぺ","0"
"ゃゃ","0"
"ゃゅ","0"
"ゃょ","0"
"ゃヴ","0"
"やぅ","0"
"やぉ","0"
"やづ","0"
"やぺ","0"
"やヴ","0"
"ゅぁ","0"
"ゅぃ","0"
"ゅぅ","0"
"ゅぇ","0"
"ゅぉ","0"
"ゅぐ","0"
"ゅず","0"
"ゅぢ","0"
"ゅづ","0"
"ゅぬ","0"
"ゅぱ","0"
"ゅぽ","0"
"ゅむ","0"
"ゅゃ","0"
"ゅゅ","0"
"ゅゆ","0"
"ゅょ","0"
"ゆぁ","0"
"ゆぃ","0"
"ゆぅ","0"
"ゆぇ","0"
"ゆぉ","0"
"ゆせ","0"
"ゆぢ","0"
"ゆづ","0"
"ゆぱ","0"
"ゆぴ","0"
"ゆべ","0"
"ゆぺ","0"
"ゆぽ","0"
"ゆゅ","0"
"ゆゆ","0"
"ゆヴ","0"
"ょぁ","0"
"ょぃ","0"
"ょぅ","0"
"ょぇ","0"
"ょぉ","0"
"ょぢ","0"
"ょづ","0"
"ょぬ","0"
"ょぱ","0"
"ょぺ","0"
"ょぽ","0"
"ょゃ","0"
"ょゅ","0"
"ょょ","0"
"ょわ","0"
"よぢ","0"
"よぱ","0"
"よぴ","0"
"よぺ","0"
"よヴ","0"
"らぅ","0"
"らぢ","0"
"りぅ","0"
"るぢ","0"
"れぅ","0"
"れぇ","0"
"れざ","0"
"れぢ","0"
"ろぅ","0"
"ろぢ","0"
"わぃ","0"
"わぅ","0"
"わぇ","0"
"わぉ","0"
"わぜ","0"
"わぢ","0"
"わぴ","0"
"わぷ","0"
"わべ","0"
"わぺ","0"
"わょ","0"
"わヴ","0"
"をぁ","0"
"をぅ","0"
"をぉ","0"
"んぅ","0"
"んヴ","0"
"ヴぅ","0"
"ヴえ","0"
"ヴお","0"
"ヴが","0"
"ヴき","0"
"ヴぎ","0"
"ヴく","0"
"ヴぐ","0"
"ヴけ","0"
"ヴげ","0"
"ヴこ","0"
"ヴご","0"
"ヴざ","0"
"ヴし","0"
"ヴじ","0"
"ヴす","0"
"ヴず","0"
"ヴせ","0"
"ヴぜ","0"
"ヴそ","0"
"ヴぞ","0"
"ヴぢ","0"
"ヴっ","0"
"ヴつ","0"
"ヴづ","0"
"ヴな","0"
"ヴぬ","0"
"ヴね","0"
"ヴば","0"
"ヴぱ","0"
"ヴひ","0"
"ヴび","0"
"ヴぴ","0"
"ヴふ","0"
"ヴぶ","0"
"ヴぷ","0"
"ヴへ","0"
"ヴべ","0"
"ヴぺ","0"
"ヴほ","0"
"ヴぼ","0"
"ヴぽ","0"
"ヴま","0"
"ヴみ","0"
"ヴむ","0"
"ヴめ","0"
"ヴも","0"
"ヴゃ","0"
"ヴや","0"
"ヴゆ","0"
"ヴよ","0"
"ヴわ","0"
"ヴん","0"
"ヴヴ","0"
"ーぢ","0"
"ーづ","0"
