"20333","['とてまじ', 'のにがり', '。ょも', '。ょつ', 'たなでお', 'とてまら', 'のにがを', 'たなでさ']"
"20922","['とてまじ', 'のにがり', '。ょも', 'たなでつ', '。ょお', 'とてまら', 'のにがを', 'たなでさ']"
"21199","['たなでじ', 'のにがり', '。ょも', '。ょつ', 'たなでお', 'とてまら', 'のにがを', 'とてまさ']"
"21241","['とてまじ', 'のにがり', '。ょも', 'たなでつ', 'たなでお', 'とてまら', '。ょを', 'のにがさ']"
"21241","['とてまじ', 'のにがり', '。ょも', 'たなでつ', 'たなでお', 'とてまら', 'のにがを', '。ょさ']"
"21390","['とてまじ', 'のにがり', '。ょも', '。ょつ', 'たなでお', 'とてまら', 'たなでを', 'のにがさ']"
"21575","['とてまじ', 'たなでり', '。ょも', '。ょつ', 'たなでお', 'とてまら', 'のにがを', 'のにがさ']"
"21583","['とてまじ', 'のにがり', 'たなでも', '。ょつ', '。ょお', 'とてまら', 'のにがを', 'たなでさ']"
"21724","['たなでじ', 'のにがり', '。ょも', 'とてまつ', '。ょお', 'とてまら', 'のにがを', 'たなでさ']"
"21788","['たなでじ', 'のにがり', '。ょも', 'たなでつ', '。ょお', 'とてまら', 'のにがを', 'とてまさ']"
"21858","['とてまじ', 'のにがり', '。ょも', 'たなでつ', 'のにがお', 'とてまら', '。ょを', 'たなでさ']"
"21865","['とてまじ', 'のにがり', '。ょも', 'とてまつ', 'たなでお', 'のにがら', '。ょを', 'たなでさ']"
"21902","['とてまじ', 'のにがり', 'たなでも', '。ょつ', 'たなでお', 'とてまら', 'のにがを', '。ょさ']"
"21902","['とてまじ', 'のにがり', 'たなでも', '。ょつ', 'たなでお', 'とてまら', '。ょを', 'のにがさ']"
"21929","['とてまじ', 'のにがり', '。ょも', 'たなでつ', 'たなでお', 'のにがら', '。ょを', 'とてまさ']"
"21970","['とてまじ', 'のにがり', '。ょも', 'とてまつ', 'たなでお', '。ょら', 'のにがを', 'たなでさ']"
"21979","['とてまじ', 'のにがり', '。ょも', 'たなでつ', '。ょお', 'とてまら', 'たなでを', 'のにがさ']"
"22007","['とてまじ', 'のにがり', '。ょも', '。ょつ', 'のにがお', 'とてまら', 'たなでを', 'たなでさ']"
"22034","['とてまじ', 'のにがり', '。ょも', 'たなでつ', 'たなでお', '。ょら', 'のにがを', 'とてまさ']"
"22043","['たなでじ', 'のにがり', '。ょも', 'とてまつ', 'たなでお', 'とてまら', 'のにがを', '。ょさ']"
"22043","['たなでじ', 'のにがり', '。ょも', 'とてまつ', 'たなでお', 'とてまら', '。ょを', 'のにがさ']"
"22078","['とてまじ', 'のにがり', '。ょも', '。ょつ', 'たなでお', 'のにがら', 'たなでを', 'とてまさ']"
"22102","['のにがじ', 'のにがり', '。ょも', 'とてまつ', 'たなでお', 'とてまら', '。ょを', 'たなでさ']"
"22164","['とてまじ', 'たなでり', '。ょも', 'たなでつ', '。ょお', 'とてまら', 'のにがを', 'のにがさ']"
"22166","['のにがじ', 'のにがり', '。ょも', 'たなでつ', 'たなでお', 'とてまら', '。ょを', 'とてまさ']"
"22192","['とてまじ', 'たなでり', '。ょも', '。ょつ', 'のにがお', 'とてまら', 'のにがを', 'たなでさ']"
"22263","['とてまじ', 'たなでり', '。ょも', '。ょつ', 'たなでお', 'のにがら', 'のにがを', 'とてまさ']"
"22315","['のにがじ', 'のにがり', '。ょも', '。ょつ', 'たなでお', 'とてまら', 'たなでを', 'とてまさ']"
"22413","['とてまじ', 'のにがり', 'のにがも', '。ょつ', 'たなでお', 'とてまら', '。ょを', 'たなでさ']"
"22449","['たなでじ', 'のにがり', 'たなでも', '。ょつ', '。ょお', 'とてまら', 'のにがを', 'とてまさ']"
"22491","['とてまじ', 'のにがり', 'たなでも', 'たなでつ', '。ょお', 'とてまら', '。ょを', 'のにがさ']"
"22491","['とてまじ', 'のにがり', 'たなでも', 'たなでつ', '。ょお', 'とてまら', 'のにがを', '。ょさ']"
"22500","['のにがじ', 'たなでり', '。ょも', '。ょつ', 'たなでお', 'とてまら', 'のにがを', 'とてまさ']"
"22519","['とてまじ', 'のにがり', 'たなでも', '。ょつ', 'のにがお', 'とてまら', '。ょを', 'たなでさ']"
"22521","['たなでじ', 'のにがり', '。ょも', '。ょつ', 'とてまお', 'とてまら', 'のにがを', 'たなでさ']"
"22590","['とてまじ', 'のにがり', 'たなでも', '。ょつ', 'たなでお', 'のにがら', '。ょを', 'とてまさ']"
"22603","['とてまじ', 'のにがり', '。ょも', 'とてまつ', '。ょお', 'のにがら', 'たなでを', 'たなでさ']"
"22612","['とてまじ', 'のにがり', '。ょも', '。ょつ', 'たなでお', 'のにがら', 'とてまを', 'たなでさ']"
"22640","['とてまじ', 'のにがり', 'たなでも', '。ょつ', '。ょお', 'とてまら', 'たなでを', 'のにがさ']"
"22660","['たなでじ', 'のにがり', '。ょも', 'とてまつ', 'のにがお', 'とてまら', '。ょを', 'たなでさ']"
"22667","['とてまじ', 'のにがり', '。ょも', 'たなでつ', '。ょお', 'のにがら', 'たなでを', 'とてまさ']"
"22695","['とてまじ', 'のにがり', 'たなでも', '。ょつ', 'たなでお', '。ょら', 'のにがを', 'とてまさ']"
"22700","['とてまじ', 'のにがり', '。ょも', 'のにがつ', 'たなでお', 'とてまら', '。ょを', 'たなでさ']"
"22724","['たなでじ', 'のにがり', '。ょも', 'たなでつ', 'のにがお', 'とてまら', '。ょを', 'とてまさ']"
"22731","['たなでじ', 'のにがり', '。ょも', 'とてまつ', 'たなでお', 'のにがら', '。ょを', 'とてまさ']"
"22764","['たなでじ', 'のにがり', 'とてまも', '。ょつ', '。ょお', 'とてまら', 'のにがを', 'たなでさ']"
"22781","['たなでじ', 'のにがり', '。ょも', 'とてまつ', '。ょお', 'とてまら', 'たなでを', 'のにがさ']"
"22788","['とてまじ', 'たなでり', '。ょも', 'とてまつ', '。ょお', 'のにがら', 'のにがを', 'たなでさ']"
"22790","['たなでじ', 'のにがり', '。ょも', '。ょつ', 'たなでお', 'とてまら', 'とてまを', 'のにがさ']"
"22825","['とてまじ', 'たなでり', 'たなでも', '。ょつ', '。ょお', 'とてまら', 'のにがを', 'のにがさ']"
"22827","['のにがじ', 'のにがり', 'たなでも', '。ょつ', 'たなでお', 'とてまら', '。ょを', 'とてまさ']"
"22836","['たなでじ', 'のにがり', '。ょも', 'とてまつ', 'たなでお', '。ょら', 'のにがを', 'とてまさ']"
"22840","['のにがじ', 'のにがり', '。ょも', 'とてまつ', '。ょお', 'とてまら', 'たなでを', 'たなでさ']"
"22849","['のにがじ', 'のにがり', '。ょも', '。ょつ', 'たなでお', 'とてまら', 'とてまを', 'たなでさ']"
"22852","['とてまじ', 'たなでり', '。ょも', 'たなでつ', '。ょお', 'のにがら', 'のにがを', 'とてまさ']"
"22873","['たなでじ', 'のにがり', '。ょも', '。ょつ', 'のにがお', 'とてまら', 'たなでを', 'とてまさ']"
"22904","['のにがじ', 'のにがり', '。ょも', 'たなでつ', '。ょお', 'とてまら', 'たなでを', 'とてまさ']"
"22905","['とてまじ', 'のにがり', 'とてまも', '。ょつ', 'たなでお', 'のにがら', '。ょを', 'たなでさ']"
"22915","['とてまじ', 'のにがり', '。ょも', 'たなでつ', 'のにがお', 'とてまら', 'たなでを', '。ょさ']"
"22922","['とてまじ', 'のにがり', '。ょも', 'とてまつ', 'たなでお', 'のにがら', 'たなでを', '。ょさ']"
"22934","['とてまじ', 'とてまり', '。ょも', '。ょつ', 'たなでお', 'のにがら', 'のにがを', 'たなでさ']"
"22966","['たなでじ', 'たなでり', '。ょも', 'とてまつ', '。ょお', 'とてまら', 'のにがを', 'のにがさ']"
"23002","['とてまじ', 'のにがり', 'のにがも', 'たなでつ', '。ょお', 'とてまら', '。ょを', 'たなでさ']"
"23010","['とてまじ', 'のにがり', 'とてまも', '。ょつ', 'たなでお', '。ょら', 'のにがを', 'たなでさ']"
"23025","['のにがじ', 'たなでり', '。ょも', 'とてまつ', '。ょお', 'とてまら', 'のにがを', 'たなでさ']"
"23027","['とてまじ', 'のにがり', '。ょも', 'とてまつ', 'たなでお', '。ょら', 'たなでを', 'のにがさ']"
"23058","['たなでじ', 'たなでり', '。ょも', '。ょつ', 'のにがお', 'とてまら', 'のにがを', 'とてまさ']"
"23083","['たなでじ', 'のにがり', 'とてまも', '。ょつ', 'たなでお', 'とてまら', '。ょを', 'のにがさ']"
"23083","['たなでじ', 'のにがり', 'とてまも', '。ょつ', 'たなでお', 'とてまら', 'のにがを', '。ょさ']"
"23089","['のにがじ', 'たなでり', '。ょも', 'たなでつ', '。ょお', 'とてまら', 'のにがを', 'とてまさ']"
"23100","['とてまじ', 'たなでり', '。ょも', 'たなでつ', 'のにがお', 'とてまら', 'のにがを', '。ょさ']"
"23100","['とてまじ', 'たなでり', '。ょも', 'たなでつ', 'のにがお', 'とてまら', '。ょを', 'のにがさ']"
"23107","['とてまじ', 'たなでり', '。ょも', 'とてまつ', 'たなでお', 'のにがら', '。ょを', 'のにがさ']"
"23107","['とてまじ', 'たなでり', '。ょも', 'とてまつ', 'たなでお', 'のにがら', 'のにがを', '。ょさ']"
"23112","['たなでじ', 'とてまり', '。ょも', '。ょつ', 'たなでお', 'とてまら', 'のにがを', 'のにがさ']"
"23115","['とてまじ', 'のにがり', 'たなでも', 'とてまつ', '。ょお', 'のにがら', '。ょを', 'たなでさ']"
"23142","['のにがじ', 'のにがり', 'とてまも', '。ょつ', 'たなでお', 'とてまら', '。ょを', 'たなでさ']"
"23151","['とてまじ', 'のにがり', 'のにがも', '。ょつ', '。ょお', 'とてまら', 'たなでを', 'たなでさ']"
"23159","['のにがじ', 'のにがり', '。ょも', 'とてまつ', 'たなでお', 'とてまら', 'たなでを', '。ょさ']"
"23171","['のにがじ', 'とてまり', '。ょも', '。ょつ', 'たなでお', 'とてまら', 'のにがを', 'たなでさ']"
"23179","['とてまじ', 'のにがり', 'たなでも', 'たなでつ', '。ょお', 'のにがら', '。ょを', 'とてまさ']"
"23201","['とてまじ', 'のにがり', '。ょも', 'たなでつ', '。ょお', 'のにがら', 'とてまを', 'たなでさ']"
"23212","['とてまじ', 'たなでり', '。ょも', 'とてまつ', 'たなでお', '。ょら', 'のにがを', 'のにがさ']"
"23220","['とてまじ', 'のにがり', 'たなでも', 'とてまつ', '。ょお', '。ょら', 'のにがを', 'たなでさ']"
"23249","['とてまじ', 'たなでり', '。ょも', '。ょつ', 'のにがお', 'とてまら', 'たなでを', 'のにがさ']"
"23251","['とてまじ', 'のにがり', '。ょも', 'たなでつ', 'とてまお', 'のにがら', '。ょを', 'たなでさ']"
"23269","['とてまじ', '。ょり', '。ょも', 'たなでつ', 'たなでお', 'とてまら', 'のにがを', 'のにがさ']"
"23279","['たなでじ', 'のにがり', 'のにがも', '。ょつ', 'たなでお', 'とてまら', '。ょを', 'とてまさ']"
"23284","['とてまじ', 'のにがり', 'たなでも', 'たなでつ', '。ょお', '。ょら', 'のにがを', 'とてまさ']"
"23293","['たなでじ', 'のにがり', 'たなでも', 'とてまつ', '。ょお', 'とてまら', 'のにがを', '。ょさ']"
"23293","['たなでじ', 'のにがり', 'たなでも', 'とてまつ', '。ょお', 'とてまら', '。ょを', 'のにがさ']"
"23295","['とてまじ', 'のにがり', '。ょも', '。ょつ', 'たなでお', 'たなでら', 'のにがを', 'とてまさ']"
"23321","['とてまじ', 'のにがり', 'のにがも', 'たなでつ', 'たなでお', 'とてまら', '。ょを', '。ょさ']"
"23328","['とてまじ', 'のにがり', 'たなでも', '。ょつ', '。ょお', 'のにがら', 'たなでを', 'とてまさ']"
"23336","['とてまじ', 'たなでり', 'のにがも', '。ょつ', '。ょお', 'とてまら', 'のにがを', 'たなでさ']"
"23344","['のにがじ', 'たなでり', '。ょも', 'とてまつ', 'たなでお', 'とてまら', '。ょを', 'のにがさ']"
"23344","['のにがじ', 'たなでり', '。ょも', 'とてまつ', 'たなでお', 'とてまら', 'のにがを', '。ょさ']"
"23352","['のにがじ', 'のにがり', 'たなでも', 'とてまつ', '。ょお', 'とてまら', '。ょを', 'たなでさ']"
"23356","['とてまじ', 'のにがり', '。ょも', 'たなでつ', 'とてまお', '。ょら', 'のにがを', 'たなでさ']"
"23379","['たなでじ', 'のにがり', '。ょも', 'たなでつ', '。ょお', 'とてまら', 'とてまを', 'のにがさ']"
